class_year,x,y,full_z,full_z_clipped,full_multiplier,loo_multiplier,target_direction,predicted_direction,direction_agreement
2013,8.419359831067474,7.9105906122564775,-0.3315218419959598,-0.3315218419959598,0.9950271723700606,0.993220560776085,-1,-1,1
2014,8.54714026778419,8.421342865759403,0.10325778986100377,0.10325778986100377,1.001548866847915,1.0037214331524067,-1,1,0
2015,8.532081803909987,8.549660381553739,0.05202057743800982,0.05202057743800982,1.00078030866157,1.0028321932069715,1,1,1
2016,8.282988692742602,8.36450810375059,-0.7955317862431348,-0.7955317862431348,0.988067023206353,0.9876427152488523,-1,-1,1
2017,8.430109084509125,8.57338447106598,-0.2949469438802249,-0.2949469438802249,0.9955757958417967,0.9952915797406114,1,-1,0
2018,8.596189197642735,8.653470809708786,0.27014934395823936,0.27014934395823936,1.0040522401593737,1.0058449437818395,1,1,1
2019,8.159374736775426,8.324093761450404,-1.216134749018587,-1.216134749018587,0.9817579787647212,0.9778691163204554,-1,-1,1
2020,8.67317077287059,8.652248422409102,0.5320831876462019,0.5320831876462019,1.007981247814693,1.00984886786435,1,1,1
2021,8.516793111394898,8.776321456449958,0.0,0.0,1.0,1.0017839186569406,1,1,1
2022,8.229777750081887,8.19863945529737,-0.9765848069968315,-0.9765848069968315,0.9853512278950475,0.9859862254549124,-1,-1,1
2023,8.675904882571059,8.604654467186231,0.5413861391743925,0.5413861391743925,1.0081207920876158,1.0103829912353068,1,1,1
