class_year,projected_capital,actual_capital,ln_projected,ln_actual,projected_fantasy_rows,actual_fantasy_rows
2013,4534.0,2726.0,8.419359831067474,7.9105906122564775,15,15
2014,5152.0,4543.0,8.54714026778419,8.421342865759403,18,21
2015,5075.0,5165.0,8.532081803909987,8.549660381553739,19,16
2016,3956.0,4292.0,8.282988692742602,8.36450810375059,15,14
2017,4583.0,5289.0,8.430109084509125,8.57338447106598,15,18
2018,5411.0,5730.0,8.596189197642735,8.653470809708786,22,22
2019,3496.0,4122.0,8.159374736775426,8.324093761450404,19,17
2020,5844.0,5723.0,8.67317077287059,8.652248422409102,21,24
2021,4998.0,6479.0,8.516793111394898,8.776321456449958,19,20
2022,3751.0,3636.0,8.229777750081887,8.19863945529737,19,17
2023,5860.0,5457.0,8.675904882571059,8.604654467186231,19,19
