gsis_id,sleeper_id,rule,name_key,model_position,position_family,birth_date,nfl_team
00-0038366,11151,DOB_POSITION,tanner ingle,DB,DB,1999-10-29,LA
00-0039288,12051,DOB_POSITION,jackson sirmon,LB,FRONT7,2000-04-15,NO
00-0039460,12041,DOB_POSITION,carl jones,LB,FRONT7,2001-08-08,BAL
00-0039469,12380,DOB_POSITION,te cory couch,DB,DB,1999-09-06,BUF
00-0039710,11911,DOB_POSITION,jeshaun jones,WR,WR,1999-12-22,MIN
00-0040026,12876,DOB_POSITION,maxen hook,DB,DB,2001-08-19,SEA
00-0040061,13037,DOB_POSITION,connor o toole,LB,FRONT7,2002-08-27,SEA
00-0040089,12819,DOB_POSITION,kevin knowles,DB,DB,2003-04-09,TB
00-0040104,13156,DOB_POSITION,keondre jackson,DB,DB,2002-05-02,BAL
00-0040263,12783,DOB_POSITION,donovan mcmillon,DB,DB,2002-06-18,CLE
00-0040331,12901,DOB_POSITION,patrick herbert,TE,TE,2000-10-18,LAC
00-0040336,12916,DOB_POSITION,jabbar muhammad,DB,DB,2001-12-28,JAX
00-0040341,12899,DOB_POSITION,doneiko slaughter,DB,DB,2001-11-08,PIT
00-0040342,12900,DOB_POSITION,danny striggow,DL,FRONT7,2002-07-24,JAX
00-0040372,13083,DOB_POSITION,bralyn lux,DB,DB,2000-08-28,CIN
00-0040384,12919,DOB_POSITION,elijah simmons,DL,FRONT7,2001-07-26,TB
00-0040397,12923,DOB_POSITION,jordan clark,DB,DB,2001-04-22,NYJ
00-0040434,13137,DOB_POSITION,trace ford,LB,FRONT7,2001-01-24,NYG
00-0040458,12801,DOB_POSITION,terah edwards,DL,FRONT7,2001-06-03,CAR
00-0040560,13073,DOB_POSITION,sebastian valdez,DL,FRONT7,2002-08-01,SF
00-0040598,13013,DOB_POSITION,mark redman,TE,TE,2002-01-20,GB
00-0040634,13209,DOB_POSITION,jordan turner,LB,FRONT7,2001-12-13,DEN
00-0040655,12937,DOB_POSITION,keith cooper,DL,FRONT7,2003-03-30,MIA
00-0040689,13224,DOB_POSITION,anthony campbell,DL,FRONT7,2000-09-09,GB
00-0040865,13376,DOB_POSITION,caleb downs,DB,DB,2004-12-10,DAL
00-0040868,13398,DOB_POSITION,treydan stukes,DB,DB,2001-09-11,LV
00-0040873,13396,DOB_POSITION,julian neal,DB,DB,2003-02-12,SEA
00-0040883,13523,DOB_POSITION,dalton johnson,DB,DB,2003-04-15,LV
00-0040923,13877,DOB_POSITION,maximus pulley,DB,DB,2002-09-11,LA
00-0040928,13823,DOB_POSITION,kapena gushiken,DB,DB,2002-08-15,IND
00-0040957,13793,DOB_POSITION,xavier nwankpa,DB,DB,2003-12-08,KC
00-0041026,13363,DOB_POSITION,david bailey,LB,FRONT7,2003-08-28,NYJ
00-0041031,13340,DOB_POSITION,rueben bain,LB,FRONT7,2004-09-08,TB
00-0041038,13386,DOB_POSITION,d angelo ponds,DB,DB,2005-01-13,NYJ
00-0041043,13384,DOB_POSITION,aj haulcy,DB,DB,2004-01-10,IND
00-0041057,13382,DOB_POSITION,keionte scott,DB,DB,2001-08-11,TB
00-0041064,13399,DOB_POSITION,genesis smith,DB,DB,2004-11-05,LAC
00-0041074,13366,DOB_POSITION,joshua josephs,LB,FRONT7,2003-12-08,WAS
00-0041076,13522,DOB_POSITION,zakee wheatley,DB,DB,2002-02-28,CAR
00-0041081,13516,DOB_POSITION,max bredeson,RB,RB,2002-10-04,MIN
00-0041088,13510,DOB_POSITION,karon prunty,DB,DB,2001-12-24,NE
00-0041110,13540,DOB_POSITION,jordan van den berg,DL,FRONT7,2002-04-12,CHI
00-0041111,13373,DOB_POSITION,caden curry,DL,FRONT7,2003-05-24,IND
00-0041119,13586,DOB_POSITION,jackson kuwatch,LB,FRONT7,2003-05-19,CAR
00-0041145,13833,DOB_POSITION,dominic zvada,K,K,2003-10-25,NYG
00-0041159,13934,DOB_POSITION,rodney mcgraw,DL,FRONT7,2002-03-31,MIA
00-0041182,13968,DOB_POSITION,drew stevens,K,K,2003-12-09,WAS
00-0041194,13602,DOB_POSITION,jack strand,QB,QB,2004-06-23,ATL
00-0041253,13959,DOB_POSITION,ayden garnes,DB,DB,2003-03-20,TB
00-0041267,13825,DOB_POSITION,malik mcclain,WR,WR,2002-10-08,NYJ
00-0041275,13694,DOB_POSITION,kani walker,DB,DB,2003-02-28,BUF
00-0041313,13769,DOB_POSITION,collin wright,DB,DB,2003-12-13,HOU
00-0041354,13618,DOB_POSITION,jacob thomas,DB,DB,2004-05-30,MIN
00-0041358,13664,DOB_POSITION,bryson eason,DL,FRONT7,2002-01-21,KC
00-0041370,13672,DOB_POSITION,wydett williams,DB,DB,2003-12-05,ARI
00-0041390,13387,DOB_POSITION,christen miller,DL,FRONT7,2004-08-05,NO
00-0041401,13576,DOB_POSITION,robert spears jennings,DB,DB,2004-01-25,PIT
00-0041404,13808,DOB_POSITION,wesley bailey,LB,FRONT7,2001-04-26,LA
00-0041410,14023,DOB_POSITION,jaden keller,LB,FRONT7,2003-04-17,NYJ
00-0041445,13397,DOB_POSITION,keith abney,DB,DB,2005-01-11,DET
00-0041462,13367,DOB_POSITION,colton hood,DB,DB,2005-02-23,NYG
00-0041466,13406,DOB_POSITION,kamari ramsey,DB,DB,2004-08-24,HOU
00-0041469,13389,DOB_POSITION,avieon terrell,DB,DB,2005-01-11,ATL
00-0041470,13369,DOB_POSITION,brandon cisse,DB,DB,2005-07-03,GB
00-0041471,13360,DOB_POSITION,emmanuel mcneil warren,DB,DB,2004-01-08,CLE
00-0041478,13362,DOB_POSITION,lee hunter,DL,FRONT7,2002-07-02,CAR
00-0041528,13517,DOB_POSITION,michael taaffe,DB,DB,2003-02-18,MIA
00-0041533,13370,DOB_POSITION,chris johnson,DB,DB,2004-11-09,MIA
00-0041537,13359,DOB_POSITION,malachi lawrence,LB,FRONT7,2003-07-21,DAL
00-0041538,13371,DOB_POSITION,dillon thieneman,DB,DB,2004-08-08,CHI
00-0041543,13385,DOB_POSITION,mansoor delane,DB,DB,2003-12-15,KC
00-0041544,13341,DOB_POSITION,akheem mesidor,LB,FRONT7,2001-04-05,LAC
00-0041545,13390,DOB_POSITION,peter woods,DL,FRONT7,2005-03-05,KC
00-0041546,13364,DOB_POSITION,cashius howell,DL,FRONT7,2003-04-16,CIN
00-0041556,13361,DOB_POSITION,romello height,DL,FRONT7,2001-04-13,SF
00-0041563,13368,DOB_POSITION,jermod mccoy,DB,DB,2005-08-16,LV
