season,origin_week,gsis_id,position,player_name,exact_name_key,active_game_count,sleeper_id,identity_mapped,exact_name_unique
2026,4,00-0029606,DB,Harrison Smith,harrison smith,4,1213,True,True
2026,4,00-0030294,DB,Tony Jefferson,tony jefferson,4,1686,True,True
2026,4,00-0032399,DB,Miles Killebrew,miles killebrew,4,3272,True,True
2026,4,00-0032580,DB,Jonathan Jones,jonathan jones,4,3415,True,True
2026,4,00-0032803,DB,Jalen Mills,jalen mills,1,3388,True,True
2026,4,00-0033038,DB,Eric Murray,eric murray,4,3268,True,True
2026,4,00-0033055,DB,Jalen Ramsey,jalen ramsey,4,3160,True,True
2026,4,00-0033132,DB,Kevin Byard,kevin byard,4,3233,True,True
2026,4,00-0033281,DB,Marlon Humphrey,marlon humphrey,4,4071,True,True
2026,4,00-0033294,DB,Chuck Clark,chuck clark,4,4224,True,True
2026,4,00-0033393,DB,Kenny Moore,kenny moore,1,4427,True,True
2026,4,00-0033548,DB,Chidobe Awuzie,chidobe awuzie,4,4107,True,True
2026,4,00-0033551,DB,Rasul Douglas,rasul douglas,4,4136,True,True
2026,4,00-0033579,DB,Xavier Woods,xavier woods,3,4238,True,True
2026,4,00-0033877,DB,Malik Hooker,malik hooker,2,4074,True,True
2026,4,00-0033890,DB,Budda Baker,budda baker,4,4081,True,True
2026,4,00-0033918,DB,Fabian Moreau,fabian moreau,4,4126,True,True
2026,4,00-0033928,DB,Jourdan Lewis,jourdan lewis,4,4129,True,True
2026,4,00-0033941,DB,Rayshawn Jenkins,rayshawn jenkins,4,4180,True,True
2026,4,00-0034091,DB,George Odum,george odum,3,5445,True,True
2026,4,00-0034248,DB,Elijah Campbell,elijah campbell,4,5534,True,True
2026,4,00-0034278,DB,Tremon Smith,tremon smith,4,5328,True,True
2026,4,00-0034356,DB,Donte Jackson,donte jackson,4,5051,True,True
2026,4,00-0034361,DB,Justin Reid,justin reid,4,5036,True,True
2026,4,00-0034376,DB,Taron Johnson,taron johnson,4,5341,True,True
2026,4,00-0034377,DB,Avonte Maddox,avonte maddox,2,5361,True,True
2026,4,00-0034384,DB,D.J. Reed,d.j. reed,4,5372,True,True
2026,4,00-0034391,DB,Siran Neal,siran neal,4,5098,True,True
2026,4,00-0034446,DB,Jalen Davis,jalen davis,3,5222,True,True
2026,4,00-0034465,DB,Jeremy Reaves,jeremy reaves,4,5792,True,True
2026,4,00-0034485,DB,Jonathan Owens,jonathan owens,4,5520,True,True
2026,4,00-0034573,DB,Charvarius Ward,charvarius ward,4,5493,True,True
2026,4,00-0034639,DB,Mike Ford,mike ford,4,5691,True,True
2026,4,00-0034675,DB,Jessie Bates,jessie bates,4,5017,True,True
2026,4,00-0034778,DB,Carlton Davis III,carlton davis iii,3,5054,True,True
2026,4,00-0034780,DB,Isaac Yiadom,isaac yiadom,2,5048,True,True
2026,4,00-0034789,DB,Minkah Fitzpatrick,minkah fitzpatrick,2,4963,True,True
2026,4,00-0034790,DB,Derwin James,derwin james,3,4971,True,True
2026,4,00-0034843,DB,Mike Hughes,mike hughes,4,4982,True,True
2026,4,00-0034856,DB,Denzel Ward,denzel ward,4,4964,True,True
2026,4,00-0034966,DB,D'Angelo Ross,d'angelo ross,1,6476,True,True
2026,4,00-0034974,DB,Julian Love,julian love,3,5876,True,True
2026,4,00-0034993,DB,Marcus Epps,marcus epps,3,6284,True,True
2026,4,00-0035133,DB,Keisean Nixon,keisean nixon,4,6333,True,True
2026,4,00-0035227,DB,P.J. Locke,p.j. locke,2,6419,True,True
2026,4,00-0035236,DB,Byron Murphy,byron murphy,4,5864,True,True
2026,4,00-0035253,DB,C.J. Gardner-Johnson,c.j. gardner-johnson,4,5893,True,True
2026,4,00-0035277,DB,Mike Jackson,mike jackson,3,6025,True,True
2026,4,00-0035357,DB,Cam Lewis,cam lewis,3,6314,True,True
2026,4,00-0035378,DB,Andrew Wingard,andrew wingard,4,6416,True,True
2026,4,00-0035632,DB,Amani Hooker,amani hooker,4,5908,True,True
2026,4,00-0035637,DB,Rock Ya-Sin,rock ya-sin,4,6128,True,True
2026,4,00-0035669,DB,Nick Scott,nick scott,3,6301,True,True
2026,4,00-0035699,DB,Jamel Dean,jamel dean,4,5946,True,True
2026,4,00-0035705,DB,Jalen Thompson,jalen thompson,3,6711,True,True
2026,4,00-0035795,DB,James Pierre,james pierre,4,7419,True,True
2026,4,00-0036037,DB,Sam Franklin,sam franklin,4,7224,True,True
2026,4,00-0036124,DB,Khalil Dorsey,khalil dorsey,4,7200,True,True
2026,4,00-0036221,DB,Brandon Jones,brandon jones,4,6911,True,True
2026,4,00-0036222,DB,Isaiah Rodgers,isaiah rodgers,4,7133,True,True
2026,4,00-0036231,DB,Kyle Dugger,kyle dugger,3,6872,True,True
2026,4,00-0036253,DB,Julian Blackmon,julian blackmon,4,7044,True,True
2026,4,00-0036281,DB,C.J. Henderson,c.j. henderson,4,6791,True,True
2026,4,00-0036282,DB,Grant Delpit,grant delpit,4,6799,True,True
2026,4,00-0036285,DB,A.J. Terrell,a.j. terrell,2,6836,True,True
2026,4,00-0036287,DB,Noah Igbinoghene,noah igbinoghene,2,6817,True,True
2026,4,00-0036292,DB,Jaylon Johnson,jaylon johnson,4,6839,True,True
2026,4,00-0036293,DB,Jeremy Chinn,jeremy chinn,4,7016,True,True
2026,4,00-0036302,DB,Jaylinn Hawkins,jaylinn hawkins,4,7058,True,True
2026,4,00-0036306,DB,Daniel Thomas,daniel thomas,2,7053,True,True
2026,4,00-0036307,DB,Kindle Vildor,kindle vildor,1,6928,True,True
2026,4,00-0036329,DB,Ashtyn Davis,ashtyn davis,4,6855,True,True
2026,4,00-0036348,DB,Josh Metellus,josh metellus,4,6901,True,True
2026,4,00-0036349,DB,Kamren Curl,kamren curl,4,7136,True,True
2026,4,00-0036356,DB,Isaiah Simmons,isaiah simmons,4,6781,True,True
2026,4,00-0036361,DB,Trevon Diggs,trevon diggs,1,6809,True,True
2026,4,00-0036374,DB,L'Jarius Sneed,l'jarius sneed,4,7117,True,True
2026,4,00-0036375,DB,Amik Robertson,amik robertson,4,6896,True,True
2026,4,00-0036380,DB,Alohi Gilman,alohi gilman,4,7069,True,True
2026,4,00-0036388,DB,Xavier McKinney,xavier mckinney,4,6788,True,True
2026,4,00-0036395,DB,K'Von Wallace,k'von wallace,1,6947,True,True
2026,4,00-0036411,DB,Antoine Winfield Jr.,antoine winfield jr.,4,6888,True,True
2026,4,00-0036416,DB,Kristian Fulton,kristian fulton,3,6829,True,True
2026,4,00-0036421,DB,Terrell Burgess,terrell burgess,4,7036,True,True
2026,4,00-0036501,DB,Michael Carter II,michael carter ii,4,7835,True,True
2026,4,00-0036502,DB,Jason Pinnock,jason pinnock,2,7816,True,True
2026,4,00-0036504,DB,Brandin Echols,brandin echols,4,7796,True,True
2026,4,00-0036563,DB,Deommodore Lenoir,deommodore lenoir,4,7819,True,True
2026,4,00-0036564,DB,Talanoa Hufanga,talanoa hufanga,4,7811,True,True
2026,4,00-0036587,DB,Ar'Darius Washington,ar'darius washington,3,7970,True,True
2026,4,00-0036589,DB,Nick McCloud,nick mccloud,1,7974,True,True
2026,4,00-0036617,DB,Asante Samuel Jr.,asante samuel jr.,4,7655,True,True
2026,4,00-0036625,DB,Benjamin St-Juste,benjamin st-juste,3,7671,True,True
2026,4,00-0036629,DB,Camryn Bynum,camryn bynum,4,7715,True,True
2026,4,00-0036677,DB,Zayne Anderson,zayne anderson,4,8000,True,True
2026,4,00-0036683,DB,Devon Key,devon key,4,8004,True,True
2026,4,00-0036874,DB,Pat Surtain II,pat surtain ii,4,7641,True,True
2026,4,00-0036888,DB,Damar Hamlin,damar hamlin,4,7787,True,True
2026,4,00-0036901,DB,Eric Stokes,eric stokes,4,7628,True,True
2026,4,00-0036904,DB,Robert Rochell,robert rochell,1,7712,True,True
2026,4,00-0036937,DB,Paulson Adebo,paulson adebo,1,7669,True,True
2026,4,00-0036941,DB,Andre Cisco,andre cisco,4,7698,True,True
2026,4,00-0036944,DB,Jaycee Horn,jaycee horn,3,7642,True,True
2026,4,00-0036962,DB,Tre'von Moehrig,tre'von moehrig,4,7659,True,True
2026,4,00-0036974,DB,Tyson Campbell,tyson campbell,3,7667,True,True
2026,4,00-0036986,DB,Nahshon Wright,nahshon wright,2,7687,True,True
2026,4,00-0036987,DB,Brandon Stephens,brandon stephens,4,7685,True,True
2026,4,00-0036992,DB,Elijah Molden,elijah molden,2,7682,True,True
2026,4,00-0036993,DB,Ifeatu Melifonwu,ifeatu melifonwu,4,7680,True,True
2026,4,00-0036996,DB,Greg Newsome II,greg newsome ii,4,7630,True,True
2026,4,00-0036998,DB,Jevon Holland,jevon holland,4,7666,True,True
2026,4,00-0037034,DB,Dee Alford,dee alford,4,8104,True,True
2026,4,00-0037079,DB,Riq Woolen,riq woolen,4,8374,True,True
2026,4,00-0037096,DB,Elijah Hicks,elijah hicks,4,8509,True,True
2026,4,00-0037129,DB,Josh Blackwell,josh blackwell,4,8714,True,True
2026,4,00-0037130,DB,Reed Blankenship,reed blankenship,4,8406,True,True
2026,4,00-0037137,DB,Josh Jobe,josh jobe,4,8275,True,True
2026,4,00-0037155,DB,Tony Adams,tony adams,4,8860,True,True
2026,4,00-0037190,DB,Sauce Gardner,sauce gardner,4,8290,True,True
2026,4,00-0037191,DB,Trent McDuffie,trent mcduffie,4,8364,True,True
2026,4,00-0037193,DB,Bryan Cook,bryan cook,3,8294,True,True
2026,4,00-0037195,DB,Jaylen Watson,jaylen watson,3,8373,True,True
2026,4,00-0037237,DB,Derek Stingley Jr.,derek stingley jr.,4,8308,True,True
2026,4,00-0037246,DB,Jalen Pitre,jalen pitre,4,8314,True,True
2026,4,00-0037250,DB,Martin Emerson,martin emerson,3,8390,True,True
2026,4,00-0037253,DB,Marcus Jones,marcus jones,4,8359,True,True
2026,4,00-0037268,DB,Zyon McCollum,zyon mccollum,4,8384,True,True
2026,4,00-0037275,DB,DaRon Bland,daron bland,4,8476,True,True
2026,4,00-0037288,DB,Christian Benford,christian benford,3,8487,True,True
2026,4,00-0037301,DB,Theo Jackson,theo jackson,4,8496,True,True
2026,4,00-0037313,DB,Montaric Brown,montaric brown,3,8305,True,True
2026,4,00-0037320,DB,Deane Leonard,deane leonard,2,8519,True,True
2026,4,00-0037323,DB,Rodney Thomas II,rodney thomas ii,4,8517,True,True
2026,4,00-0037384,DB,Ja'Quan McMillian,ja'quan mcmillian,4,8752,True,True
2026,4,00-0037461,DB,Tristin McCollum,tristin mccollum,2,8542,True,True
2026,4,00-0037493,DB,Mike Brown,mike brown,2,8532,True,True
2026,4,00-0037512,DB,Isaiah Pola-Mao,isaiah pola-mao,4,8838,True,True
2026,4,00-0037561,DB,Markquese Bell,markquese bell,4,8399,True,True
2026,4,00-0037578,DB,Juanyeh Thomas,juanyeh thomas,1,8397,True,True
2026,4,00-0037616,DB,Nick Cross,nick cross,2,8392,True,True
2026,4,00-0037743,DB,Daxton Hill,daxton hill,4,8286,True,True
2026,4,00-0037752,DB,Tycen Anderson,tycen anderson,4,8377,True,True
2026,4,00-0037753,DB,Cam Taylor-Britt,cam taylor-britt,3,8341,True,True
2026,4,00-0037758,DB,Cordale Flott,cordale flott,3,8310,True,True
2026,4,00-0037839,DB,Cobie Durant,cobie durant,2,8381,True,True
2026,4,00-0037841,DB,Quentin Lake,quentin lake,4,8330,True,True
2026,4,00-0037844,DB,Russ Yeast,russ yeast,1,8510,True,True
2026,4,00-0038038,DB,Kyle Hamilton,kyle hamilton,4,8339,True,True
2026,4,00-0038039,DB,Jack Jones,jack jones,4,8261,True,True
2026,4,00-0038100,DB,Percy Butler,percy butler,4,8394,True,True
2026,4,00-0038101,DB,Akayleb Evans,akayleb evans,4,8389,True,True
2026,4,00-0038121,DB,Alontae Taylor,alontae taylor,4,8333,True,True
2026,4,00-0038123,DB,Dane Belton,dane belton,4,8395,True,True
2026,4,00-0038125,DB,Roger McCreary,roger mccreary,4,8303,True,True
2026,4,00-0038135,DB,Jaquan Brisker,jaquan brisker,4,8323,True,True
2026,4,00-0038366,DB,Tanner Ingle,tanner ingle,3,,False,True
2026,4,00-0038407,DB,Jaylon Jones,jaylon jones,1,11052,True,True
2026,4,00-0038408,DB,Carrington Valentine,carrington valentine,3,11042,True,True
2026,4,00-0038414,DB,Kendall Williamson,kendall williamson,4,11022,True,True
2026,4,00-0038521,DB,Reese Taylor,reese taylor,3,11325,True,True
2026,4,00-0038549,DB,DJ Turner II,dj turner ii,4,10894,True,True
2026,4,00-0038552,DB,Riley Moss,riley moss,4,10930,True,True
2026,4,00-0038554,DB,Ji'Ayir Brown,ji'ayir brown,4,10936,True,True
2026,4,00-0038560,DB,Jordan Battle,jordan battle,4,10927,True,True
2026,4,00-0038565,DB,Mekhi Blackmon,mekhi blackmon,4,10918,True,True
2026,4,00-0038568,DB,Clark Phillips,clark phillips,3,10954,True,True
2026,4,00-0038578,DB,Jay Ward,jay ward,4,10939,True,True
2026,4,00-0038587,DB,Jammie Robinson,jammie robinson,1,10986,True,True
2026,4,00-0038588,DB,Jordan Howden,jordan howden,4,10985,True,True
2026,4,00-0038594,DB,Darrell Luter,darrell luter,1,10978,True,True
2026,4,00-0038596,DB,Antonio Johnson,antonio johnson,4,10974,True,True
2026,4,00-0038605,DB,JL Skinner,jl skinner,4,11011,True,True
2026,4,00-0038616,DB,Christian Braswell,christian braswell,3,11018,True,True
2026,4,00-0038620,DB,Erick Hallett,erick hallett,4,11019,True,True
2026,4,00-0038624,DB,Ameer Speed,ameer speed,4,11006,True,True
2026,4,00-0038628,DB,DeMarcco Hellams,demarcco hellams,4,11050,True,True
2026,4,00-0038642,DB,D.J. Ivey,d.j. ivey,4,11032,True,True
2026,4,00-0038663,DB,Starling Thomas,starling thomas,1,11343,True,True
2026,4,00-0038715,DB,Ronnie Hickman,ronnie hickman,4,11352,True,True
2026,4,00-0038820,DB,Christian Izien,christian izien,3,11427,True,True
2026,4,00-0038866,DB,AJ Finley,aj finley,3,11121,True,True
2026,4,00-0038982,DB,Chamarri Conner,chamarri conner,1,10949,True,True
2026,4,00-0038984,DB,Kei'Trel Clark,kei'trel clark,4,11014,True,True
2026,4,00-0038986,DB,Nic Jones,nic jones,3,11029,True,True
2026,4,00-0039000,DB,Deonte Banks,deonte banks,2,10878,True,True
2026,4,00-0039002,DB,Sydney Brown,sydney brown,4,10919,True,True
2026,4,00-0039007,DB,Garrett Williams,garrett williams,2,10932,True,True
2026,4,00-0039071,DB,Tyrique Stevenson,tyrique stevenson,4,10897,True,True
2026,4,00-0039140,DB,Kelee Ringo,kelee ringo,4,10962,True,True
2026,4,00-0039147,DB,Christian Gonzalez,christian gonzalez,3,10881,True,True
2026,4,00-0039149,DB,Quan Martin,quan martin,4,10903,True,True
2026,4,00-0039151,DB,Emmanuel Forbes,emmanuel forbes,4,10882,True,True
2026,4,00-0039156,DB,Julius Brents,julius brents,4,10906,True,True
2026,4,00-0039167,DB,Joey Porter Jr.,joey porter jr.,1,10913,True,True
2026,4,00-0039169,DB,Devon Witherspoon,devon witherspoon,4,10891,True,True
2026,4,00-0039232,DB,Nate Wiggins,nate wiggins,4,11656,True,True
2026,4,00-0039234,DB,T.J. Tampa,t.j. tampa,1,11730,True,True
2026,4,00-0039239,DB,Kalen King,kalen king,4,11830,True,True
2026,4,00-0039324,DB,Christian Roland-Wallace,christian roland-wallace,4,12183,True,True
2026,4,00-0039343,DB,Kamari Lassiter,kamari lassiter,4,11685,True,True
2026,4,00-0039345,DB,Renardo Green,renardo green,4,11697,True,True
2026,4,00-0039353,DB,Jarrian Jones,jarrian jones,4,11725,True,True
2026,4,00-0039357,DB,Decamerion Richardson,decamerion richardson,2,11738,True,True
2026,4,00-0039360,DB,Malik Mustapha,malik mustapha,4,11731,True,True
2026,4,00-0039366,DB,Tarheeb Still,tarheeb still,4,11779,True,True
2026,4,00-0039369,DB,Cam Hart,cam hart,4,11749,True,True
2026,4,00-0039371,DB,Kris Abrams-Draine,kris abrams-draine,4,11765,True,True
2026,4,00-0039372,DB,Jarvis Brownlee,jarvis brownlee,4,11766,True,True
2026,4,00-0039375,DB,Josh Newton,josh newton,1,11764,True,True
2026,4,00-0039380,DB,Chau Smith-Wade,chau smith-wade,3,11771,True,True
2026,4,00-0039383,DB,Jaylin Simpson,jaylin simpson,3,11775,True,True
2026,4,00-0039387,DB,Caelen Carson,caelen carson,1,11769,True,True
2026,4,00-0039390,DB,Marcellas Dial,marcellas dial,1,11809,True,True
2026,4,00-0039417,DB,Myles Harden,myles harden,4,11836,True,True
2026,4,00-0039465,DB,Reddy Steward,reddy steward,2,12037,True,True
2026,4,00-0039469,DB,Te'Cory Couch,te'cory couch,2,,False,True
2026,4,00-0039532,DB,Julius Wood,julius wood,4,12089,True,True
2026,4,00-0039632,DB,PJ Jules,pj jules,4,12058,True,True
2026,4,00-0039660,DB,Thomas Harper,thomas harper,2,11872,True,True
2026,4,00-0039681,DB,Tyler Owens,tyler owens,4,11934,True,True
2026,4,00-0039692,DB,Dell Pettus,dell pettus,2,12115,True,True
2026,4,00-0039725,DB,Jayden Price,jayden price,4,12196,True,True
2026,4,00-0039770,DB,Charles Woods,charles woods,4,12137,True,True
2026,4,00-0039772,DB,Josh Wallace,josh wallace,4,12132,True,True
2026,4,00-0039776,DB,Jaylen McCollough,jaylen mccollough,4,12142,True,True
2026,4,00-0039789,DB,Qwan'tez Stiggers,qwan'tez stiggers,4,11755,True,True
2026,4,00-0039795,DB,Nehemiah Pritchett,nehemiah pritchett,4,11753,True,True
2026,4,00-0039807,DB,Max Melton,max melton,4,11693,True,True
2026,4,00-0039813,DB,Evan Williams,evan williams,4,11739,True,True
2026,4,00-0039818,DB,Kitan Oladapo,kitan oladapo,4,11763,True,True
2026,4,00-0039821,DB,Andru Phillips,andru phillips,4,11700,True,True
2026,4,00-0039825,DB,Jaden Hicks,jaden hicks,4,11728,True,True
2026,4,00-0039831,DB,Kamal Hadden,kamal hadden,4,11787,True,True
2026,4,00-0039834,DB,Kamren Kinchens,kamren kinchens,2,11726,True,True
2026,4,00-0039838,DB,Calen Bullock,calen bullock,4,11710,True,True
2026,4,00-0039841,DB,Cooper DeJean,cooper dejean,4,11678,True,True
2026,4,00-0039846,DB,Tykee Smith,tykee smith,4,11705,True,True
2026,4,00-0039860,DB,Kool-Aid McKinstry,kool-aid mckinstry,4,11675,True,True
2026,4,00-0039861,DB,Tyler Nubin,tyler nubin,3,11674,True,True
2026,4,00-0039862,DB,Ennis Rakestraw Jr.,ennis rakestraw jr.,2,11689,True,True
2026,4,00-0039864,DB,Dadrion Taylor-Demerson,dadrion taylor-demerson,1,11744,True,True
2026,4,00-0039867,DB,Javon Bullard,javon bullard,4,11686,True,True
2026,4,00-0039872,DB,Cole Bishop,cole bishop,4,11682,True,True
2026,4,00-0039888,DB,Quinyon Mitchell,quinyon mitchell,4,11662,True,True
2026,4,00-0039898,DB,Mike Sainristil,mike sainristil,4,11676,True,True
2026,4,00-0040008,DB,Shavon Revel,shavon revel,4,12559,True,True
2026,4,00-0040020,DB,Micah Robinson,micah robinson,4,12730,True,True
2026,4,00-0040026,DB,Maxen Hook,maxen hook,2,,False,True
2026,4,00-0040045,DB,Alijah Clark,alijah clark,4,12855,True,True
2026,4,00-0040071,DB,Mac McWilliams,mac mcwilliams,3,12678,True,True
2026,4,00-0040089,DB,Kevin Knowles,kevin knowles,4,,False,True
2026,4,00-0040104,DB,Keondre Jackson,keondre jackson,4,,False,True
2026,4,00-0040133,DB,Azareye'h Thomas,azareye'h thomas,4,12601,True,True
2026,4,00-0040139,DB,Justin Walley,justin walley,4,12625,True,True
2026,4,00-0040141,DB,Kevin Winston,kevin winston,4,12588,True,True
2026,4,00-0040143,DB,Jacob Parrish,jacob parrish,3,12605,True,True
2026,4,00-0040145,DB,Caleb Ransaw,caleb ransaw,4,12632,True,True
2026,4,00-0040148,DB,Xavier Watts,xavier watts,4,12591,True,True
2026,4,00-0040149,DB,Jaylin Smith,jaylin smith,4,12626,True,True
2026,4,00-0040152,DB,Upton Stout,upton stout,4,12631,True,True
2026,4,00-0040156,DB,Billy Bowman Jr.,billy bowman jr.,2,12647,True,True
2026,4,00-0040159,DB,Lathan Ransom,lathan ransom,4,12611,True,True
2026,4,00-0040165,DB,Malachi Moore,malachi moore,4,12639,True,True
2026,4,00-0040166,DB,Quincy Riley,quincy riley,4,12638,True,True
2026,4,00-0040178,DB,Jason Marshall Jr.,jason marshall jr.,4,12675,True,True
2026,4,00-0040182,DB,Dante Trader,dante trader,4,12673,True,True
2026,4,00-0040185,DB,Marques Sigle,marques sigle,4,12668,True,True
2026,4,00-0040192,DB,Jordan Hancock,jordan hancock,2,12661,True,True
2026,4,00-0040195,DB,Denzel Burke,denzel burke,4,12657,True,True
2026,4,00-0040201,DB,Marcus Harris,marcus harris,4,12712,True,False
2026,4,00-0040204,DB,Jaylen Reed,jaylen reed,4,12710,True,True
2026,4,00-0040213,DB,Rayuan Lane,rayuan lane,4,12702,True,True
2026,4,00-0040221,DB,R.J. Mickens,r.j. mickens,3,12694,True,True
2026,4,00-0040230,DB,Kitan Crawford,kitan crawford,1,12736,True,True
2026,4,00-0040235,DB,Hunter Wohler,hunter wohler,4,12723,True,True
2026,4,00-0040263,DB,Donovan McMillon,donovan mcmillon,4,,False,True
2026,4,00-0040293,DB,Michael Reid,michael reid,4,,False,True
2026,4,00-0040336,DB,Jabbar Muhammad,jabbar muhammad,1,,False,True
2026,4,00-0040341,DB,Doneiko Slaughter,doneiko slaughter,4,,False,True
2026,4,00-0040372,DB,Bralyn Lux,bralyn lux,1,,False,True
2026,4,00-0040397,DB,Jordan Clark,jordan clark,2,,False,True
2026,4,00-0040471,DB,Nikko Reed,nikko reed,2,12838,True,True
2026,4,00-0040507,DB,Zemaiah Vaughn,zemaiah vaughn,1,12942,True,True
2026,4,00-0040636,DB,Keyon Martin,keyon martin,4,13172,True,True
2026,4,00-0040641,DB,Darien Porter,darien porter,3,12584,True,True
2026,4,00-0040643,DB,Jonas Sanker,jonas sanker,4,12619,True,True
2026,4,00-0040670,DB,Nohl Williams,nohl williams,4,12622,True,True
2026,4,00-0040688,DB,Malaki Starks,malaki starks,4,12567,True,True
2026,4,00-0040709,DB,Maxwell Hairston,maxwell hairston,4,12596,True,True
2026,4,00-0040716,DB,Craig Woodson,craig woodson,3,12654,True,True
2026,4,00-0040718,DB,Travis Hunter,travis hunter,4,12530,True,True
2026,4,00-0040720,DB,Jahdae Barron,jahdae barron,4,12557,True,True
2026,4,00-0040733,DB,Nick Emmanwori,nick emmanwori,3,12597,True,True
2026,4,00-0040747,DB,Benjamin Morrison,benjamin morrison,3,12576,True,True
2026,4,00-0040749,DB,Andrew Mukuba,andrew mukuba,4,12604,True,True
2026,4,00-0040751,DB,Will Johnson,will johnson,2,12565,True,True
2026,4,00-0040865,DB,Caleb Downs,caleb downs,4,,False,True
2026,4,00-0040868,DB,Treydan Stukes,treydan stukes,3,,False,True
2026,4,00-0040873,DB,Julian Neal,julian neal,4,,False,True
2026,4,00-0040883,DB,Dalton Johnson,dalton johnson,1,,False,True
2026,4,00-0040885,DB,Chandler Rivers,chandler rivers,3,13514,True,True
2026,4,00-0040889,DB,Hezekiah Masses,hezekiah masses,4,13508,True,True
2026,4,00-0040923,DB,Maximus Pulley,maximus pulley,2,,False,True
2026,4,00-0040928,DB,Kapena Gushiken,kapena gushiken,4,,False,True
2026,4,00-0040957,DB,Xavier Nwankpa,xavier nwankpa,4,,False,True
2026,4,00-0041038,DB,D'Angelo Ponds,d'angelo ponds,2,,False,True
2026,4,00-0041043,DB,A.J. Haulcy,a.j. haulcy,4,,False,True
2026,4,00-0041057,DB,Keionte Scott,keionte scott,4,,False,True
2026,4,00-0041060,DB,Malik Muhammad,malik muhammad,4,13489,True,True
2026,4,00-0041063,DB,Will Lee III,will lee iii,4,13485,True,True
2026,4,00-0041064,DB,Genesis Smith,genesis smith,4,,False,True
2026,4,00-0041076,DB,Zakee Wheatley,zakee wheatley,3,,False,True
2026,4,00-0041083,DB,Charles Demmings,charles demmings,3,13513,True,True
2026,4,00-0041088,DB,Karon Prunty,karon prunty,3,,False,True
2026,4,00-0041115,DB,Toriano Pride,toriano pride,2,13569,True,True
2026,4,00-0041175,DB,Skyler Thomas,skyler thomas,4,,False,True
2026,4,00-0041253,DB,Ayden Garnes,ayden garnes,1,,False,True
2026,4,00-0041275,DB,Kani Walker,kani walker,1,,False,True
2026,4,00-0041313,DB,Collin Wright,collin wright,1,,False,True
2026,4,00-0041316,DB,Channing Canada,channing canada,3,13828,True,True
2026,4,00-0041320,DB,Kenneth Harris,kenneth harris,1,,False,True
2026,4,00-0041354,DB,Jacob Thomas,jacob thomas,4,,False,True
2026,4,00-0041370,DB,Wydett Williams,wydett williams,4,,False,True
2026,4,00-0041381,DB,Rodney Shelley,rodney shelley,4,13633,True,True
2026,4,00-0041382,DB,Avery Smith,avery smith,2,13635,True,True
2026,4,00-0041391,DB,Davison Igbinosun,davison igbinosun,4,13454,True,True
2026,4,00-0041393,DB,Daylen Everette,daylen everette,4,13470,True,True
2026,4,00-0041401,DB,Robert Spears-Jennings,robert spears-jennings,4,,False,True
2026,4,00-0041445,DB,Keith Abney,keith abney,3,,False,True
2026,4,00-0041462,DB,Colton Hood,colton hood,4,,False,True
2026,4,00-0041464,DB,Tacario Davis,tacario davis,4,13469,True,True
2026,4,00-0041466,DB,Kamari Ramsey,kamari ramsey,4,,False,True
2026,4,00-0041469,DB,Avieon Terrell,avieon terrell,4,,False,True
2026,4,00-0041470,DB,Brandon Cisse,brandon cisse,4,,False,True
2026,4,00-0041471,DB,Emmanuel McNeil-Warren,emmanuel mcneil-warren,4,,False,True
2026,4,00-0041497,DB,Jadon Canady,jadon canady,3,13500,True,True
2026,4,00-0041528,DB,Michael Taaffe,michael taaffe,4,,False,True
2026,4,00-0041533,DB,Chris Johnson,chris johnson,4,,False,True
2026,4,00-0041538,DB,Dillon Thieneman,dillon thieneman,4,,False,True
2026,4,00-0041543,DB,Mansoor Delane,mansoor delane,3,,False,True
2026,4,00-0041563,DB,Jermod McCoy,jermod mccoy,3,,False,True
2026,4,00-0026190,DL,Calais Campbell,calais campbell,4,125,True,True
2026,4,00-0027969,DL,Cameron Heyward,cameron heyward,4,843,True,True
2026,4,00-0030070,DL,John Jenkins,john jenkins,4,1553,True,True
2026,4,00-0031054,DL,DaQuan Jones,daquan jones,3,1932,True,True
2026,4,00-0031270,DL,Shelby Harris,shelby harris,4,2033,True,True
2026,4,00-0031364,DL,Jadeveon Clowney,jadeveon clowney,2,1947,True,True
2026,4,00-0031388,DL,Aaron Donald,aaron donald,2,2227,True,True
2026,4,00-0031565,DL,Danielle Hunter,danielle hunter,4,2393,True,True
2026,4,00-0031576,DL,Za'Darius Smith,za'darius smith,4,2427,True,True
2026,4,00-0031583,DL,Grady Jarrett,grady jarrett,4,2592,True,True
2026,4,00-0031933,DL,Leonard Williams,leonard williams,4,2311,True,True
2026,4,00-0031957,DL,Rakeem Nunez-Roches,rakeem nunez-roches,3,2993,True,True
2026,4,00-0032164,DL,Arik Armstead,arik armstead,4,2322,True,True
2026,4,00-0032265,DL,Mario Edwards,mario edwards,3,2340,True,True
2026,4,00-0032378,DL,DeForest Buckner,deforest buckner,4,3172,True,True
2026,4,00-0032387,DL,Jarran Reed,jarran reed,4,3220,True,True
2026,4,00-0032424,DL,DJ Reader,dj reader,4,3322,True,True
2026,4,00-0032759,DL,Sheldon Rankins,sheldon rankins,4,3188,True,True
2026,4,00-0032762,DL,Chris Jones,chris jones,4,3558,True,True
2026,4,00-0032889,DL,A'Shawn Robinson,a'shawn robinson,4,3218,True,True
2026,4,00-0033051,DL,David Onyemata,david onyemata,2,3281,True,True
2026,4,00-0033066,DL,Andrew Billings,andrew billings,1,3207,True,True
2026,4,00-0033093,DL,Jonathan Bullard,jonathan bullard,3,3241,True,True
2026,4,00-0033109,DL,Javon Hargrave,javon hargrave,3,3256,True,True
2026,4,00-0033120,DL,Kenny Clark,kenny clark,4,3186,True,True
2026,4,00-0033131,DL,Maliek Collins,maliek collins,4,3236,True,True
2026,4,00-0033297,DL,D.J. Jones,d.j. jones,4,4278,True,True
2026,4,00-0033347,DL,Josh Tupou,josh tupou,1,4371,True,True
2026,4,00-0033381,DL,Adam Butler,adam butler,4,4415,True,True
2026,4,00-0033523,DL,Jonathan Allen,jonathan allen,4,4032,True,True
2026,4,00-0033546,DL,Dalvin Tomlinson,dalvin tomlinson,2,4092,True,True
2026,4,00-0033860,DL,Davon Godchaux,davon godchaux,4,4207,True,True
2026,4,00-0033870,DL,Solomon Thomas,solomon thomas,4,4058,True,True
2026,4,00-0033876,DL,Derek Barnett,derek barnett,4,4065,True,True
2026,4,00-0033945,DL,Samson Ebukam,samson ebukam,3,4170,True,True
2026,4,00-0033952,DL,Grover Stewart,grover stewart,4,4168,True,True
2026,4,00-0034163,DL,Jacob Martin,jacob martin,4,5378,True,True
2026,4,00-0034234,DL,Poona Ford,poona ford,4,5226,True,True
2026,4,00-0034275,DL,Foley Fatukasi,foley fatukasi,4,5090,True,True
2026,4,00-0034285,DL,Zach Sieler,zach sieler,4,5297,True,True
2026,4,00-0034320,DL,Kentavius Street,kentavius street,4,5371,True,True
2026,4,00-0034333,DL,Daron Payne,daron payne,4,4976,True,True
2026,4,00-0034344,DL,Marcus Davenport,marcus davenport,1,4965,True,True
2026,4,00-0034371,DL,Da'Shawn Hand,da'shawn hand,1,5351,True,True
2026,4,00-0034373,DL,Dorance Armstrong,dorance armstrong,3,5330,True,True
2026,4,00-0034397,DL,Tim Settle,tim settle,4,5366,True,True
2026,4,00-0034657,DL,Matt Dickerson,matt dickerson,4,5615,True,True
2026,4,00-0034760,DL,Nathan Shepherd,nathan shepherd,4,5043,True,True
2026,4,00-0034773,DL,Vita Vea,vita vea,4,4969,True,True
2026,4,00-0034782,DL,Harrison Phillips,harrison phillips,4,5049,True,True
2026,4,00-0034800,DL,B.J. Hill,b.j. hill,1,5020,True,True
2026,4,00-0034805,DL,John Franklin-Myers,john franklin-myers,4,5466,True,True
2026,4,00-0034807,DL,Ogbo Okoronkwo,ogbo okoronkwo,4,5075,True,True
2026,4,00-0034810,DL,Sebastian Joseph-Day,sebastian joseph-day,4,5073,True,True
2026,4,00-0034825,DL,Arden Key,arden key,4,5067,True,True
2026,4,00-0034973,DL,Maxx Crosby,maxx crosby,4,5991,True,True
2026,4,00-0035026,DL,Kevin Givens,kevin givens,1,6005,True,True
2026,4,00-0035230,DL,Ed Oliver,ed oliver,3,5841,True,True
2026,4,00-0035248,DL,Zach Allen,zach allen,4,5871,True,True
2026,4,00-0035279,DL,Charles Omenihu,charles omenihu,4,5934,True,True
2026,4,00-0035402,DL,Carl Granderson,carl granderson,3,5912,True,True
2026,4,00-0035409,DL,Shy Tuttle,shy tuttle,4,6627,True,True
2026,4,00-0035636,DL,L.J. Collier,l.j. collier,4,5861,True,True
2026,4,00-0035642,DL,Josh Hines-Allen,josh hines-allen,4,5840,True,True
2026,4,00-0035643,DL,Jeffery Simmons,jeffery simmons,4,6125,True,True
2026,4,00-0035647,DL,Montez Sweat,montez sweat,4,6124,True,True
2026,4,00-0035667,DL,Greg Gaines,greg gaines,4,5981,True,True
2026,4,00-0035674,DL,Jerry Tillery,jerry tillery,4,6129,True,True
2026,4,00-0035683,DL,Dexter Lawrence,dexter lawrence,4,5847,True,True
2026,4,00-0035692,DL,Clelin Ferrell,clelin ferrell,3,5842,True,True
2026,4,00-0035717,DL,Nick Bosa,nick bosa,2,5816,True,True
2026,4,00-0035718,DL,Quinnen Williams,quinnen williams,4,6118,True,True
2026,4,00-0035763,DL,Malcolm Roach,malcolm roach,4,7018,True,True
2026,4,00-0036081,DL,Broderick Washington,broderick washington,4,7122,True,True
2026,4,00-0036130,DL,Nnamdi Madubuike,nnamdi madubuike,2,6818,True,True
2026,4,00-0036181,DL,Teair Tart,teair tart,4,7443,True,True
2026,4,00-0036204,DL,LaCale London,lacale london,4,7231,True,True
2026,4,00-0036220,DL,Derrick Brown,derrick brown,4,6784,True,True
2026,4,00-0036237,DL,Larrell Murchison,larrell murchison,1,6887,True,True
2026,4,00-0036260,DL,Javon Kinlaw,javon kinlaw,4,6792,True,True
2026,4,00-0036262,DL,DaVon Hamilton,davon hamilton,4,6972,True,True
2026,4,00-0036266,DL,Jordan Elliott,jordan elliott,4,6841,True,True
2026,4,00-0036321,DL,Chase Young,chase young,4,6782,True,True
2026,4,00-0036335,DL,D.J. Wonnum,d.j. wonnum,4,6868,True,True
2026,4,00-0036337,DL,James Lynch,james lynch,3,6858,True,True
2026,4,00-0036341,DL,Khalid Kareem,khalid kareem,4,6864,True,True
2026,4,00-0036366,DL,Neville Gallimore,neville gallimore,4,6825,True,True
2026,4,00-0036479,DL,Kwity Paye,kwity paye,4,7633,True,True
2026,4,00-0036480,DL,Dayo Odeyingbo,dayo odeyingbo,4,7649,True,True
2026,4,00-0036568,DL,Roy Lopez,roy lopez,4,7799,True,True
2026,4,00-0036624,DL,Alim McNeill,alim mcneill,4,7679,True,True
2026,4,00-0036642,DL,Tedarrell Slaton,tedarrell slaton,4,7818,True,True
2026,4,00-0036682,DL,Malik Herring,malik herring,4,8001,True,True
2026,4,00-0036695,DL,Naquan Jones,naquan jones,2,7853,True,True
2026,4,00-0036788,DL,Jack Heflin,jack heflin,2,7880,True,True
2026,4,00-0036883,DL,Tommy Togiai,tommy togiai,4,7711,True,True
2026,4,00-0036902,DL,Joseph Ossai,joseph ossai,2,7678,True,True
2026,4,00-0036903,DL,Bobby Brown III,bobby brown iii,3,7722,True,True
2026,4,00-0036909,DL,Khyiris Tonga,khyiris tonga,4,7756,True,True
2026,4,00-0036916,DL,Milton Williams,milton williams,4,7696,True,True
2026,4,00-0036922,DL,Patrick Johnson,patrick johnson,4,7770,True,True
2026,4,00-0036942,DL,Osa Odighizuwa,osa odighizuwa,4,7695,True,True
2026,4,00-0036954,DL,Levi Onwuzurike,levi onwuzurike,3,7661,True,True
2026,4,00-0036981,DL,Christian Barmore,christian barmore,3,7664,True,True
2026,4,00-0036982,DL,Chauncey Golston,chauncey golston,4,7693,True,True
2026,4,00-0036989,DL,Malcolm Koonce,malcolm koonce,4,7676,True,True
2026,4,00-0037051,DL,Elijah Garcia,elijah garcia,1,8736,True,True
2026,4,00-0037073,DL,Jordan Davis,jordan davis,4,8269,True,True
2026,4,00-0037075,DL,Devonte Wyatt,devonte wyatt,4,8270,True,True
2026,4,00-0037082,DL,Dominique Robinson,dominique robinson,4,8391,True,True
2026,4,00-0037094,DL,Jonathan Ford,jonathan ford,4,8344,True,True
2026,4,00-0037192,DL,George Karlaftis,george karlaftis,4,8385,True,True
2026,4,00-0037235,DL,Travon Walker,travon walker,4,8265,True,True
2026,4,00-0037236,DL,Aidan Hutchinson,aidan hutchinson,4,8289,True,True
2026,4,00-0037262,DL,Thomas Booker,thomas booker,4,8380,True,True
2026,4,00-0037270,DL,Otito Ogbonnia,otito ogbonnia,4,8331,True,True
2026,4,00-0037283,DL,John Ridgeway,john ridgeway,1,8306,True,True
2026,4,00-0037294,DL,Jordan Jackson,jordan jackson,2,8370,True,True
2026,4,00-0037356,DL,Ben Stille,ben stille,1,8850,True,True
2026,4,00-0037663,DL,Jermaine Johnson II,jermaine johnson ii,4,8398,True,True
2026,4,00-0037665,DL,Sam Williams,sam williams,4,8368,True,True
2026,4,00-0037711,DL,Jeremiah Pharms Jr.,jeremiah pharms jr.,1,8914,True,True
2026,4,00-0037756,DL,Travis Jones,travis jones,4,8400,True,True
2026,4,00-0037815,DL,Cameron Thomas,cameron thomas,4,8383,True,True
2026,4,00-0037843,DL,Daniel Hardy,daniel hardy,4,8520,True,True
2026,4,00-0038106,DL,Eyioma Uwazurike,eyioma uwazurike,4,8347,True,True
2026,4,00-0038107,DL,Micheal Clemons,micheal clemons,2,8316,True,True
2026,4,00-0038127,DL,Logan Hall,logan hall,4,8360,True,True
2026,4,00-0038133,DL,Boye Mafe,boye mafe,4,8343,True,True
2026,4,00-0038386,DL,Jalen Carter,jalen carter,4,10888,True,True
2026,4,00-0038387,DL,Colby Wooden,colby wooden,4,10952,True,True
2026,4,00-0038398,DL,Karl Brooks,karl brooks,4,11009,True,True
2026,4,00-0038412,DL,Moro Ojomo,moro ojomo,4,11030,True,True
2026,4,00-0038463,DL,Brenton Cox Jr.,brenton cox jr.,4,11193,True,True
2026,4,00-0038514,DL,Truman Jones,truman jones,4,11319,True,True
2026,4,00-0038541,DL,Tyree Wilson,tyree wilson,3,10889,True,True
2026,4,00-0038545,DL,Mazi Smith,mazi smith,1,10877,True,True
2026,4,00-0038546,DL,Myles Murphy,myles murphy,4,10875,True,True
2026,4,00-0038574,DL,Isaiah McGuire,isaiah mcguire,4,10943,True,True
2026,4,00-0038575,DL,Viliami Fehoko,viliami fehoko,1,10942,True,True
2026,4,00-0038591,DL,Mike Morris,mike morris,2,10982,True,True
2026,4,00-0038603,DL,Robert Beal,robert beal,2,10966,True,True
2026,4,00-0038623,DL,Dante Stills,dante stills,4,11015,True,True
2026,4,00-0038653,DL,Cory Durden,cory durden,4,11338,True,True
2026,4,00-0038694,DL,Brandon Pili,brandon pili,2,11396,True,True
2026,4,00-0038778,DL,Jalen Redmond,jalen redmond,4,11328,True,True
2026,4,00-0038940,DL,Tyler Lacy,tyler lacy,4,10941,True,True
2026,4,00-0038978,DL,Byron Young,byron young,4,10925,True,False
2026,4,00-0038980,DL,Zach Harrison,zach harrison,3,10934,True,True
2026,4,00-0039006,DL,Felix Anudike-Uzomah,felix anudike-uzomah,4,10872,True,True
2026,4,00-0039031,DL,Adetomiwa Adebawore,adetomiwa adebawore,4,10957,True,True
2026,4,00-0039063,DL,Calijah Kancey,calijah kancey,4,10879,True,True
2026,4,00-0039070,DL,Gervon Dexter Sr.,gervon dexter sr.,4,10899,True,True
2026,4,00-0039108,DL,Will Anderson Jr.,will anderson jr.,4,10892,True,True
2026,4,00-0039110,DL,Keeanu Benton,keeanu benton,4,10901,True,True
2026,4,00-0039138,DL,Kobie Turner,kobie turner,4,10916,True,True
2026,4,00-0039142,DL,Will McDonald IV,will mcdonald iv,4,10883,True,True
2026,4,00-0039148,DL,Keion White,keion white,4,10904,True,True
2026,4,00-0039176,DL,Basil Okoye,basil okoye,3,,False,True
2026,4,00-0039284,DL,Braiden McGregor,braiden mcgregor,4,12030,True,True
2026,4,00-0039289,DL,Leonard Taylor,leonard taylor,2,12031,True,True
2026,4,00-0039309,DL,Byron Murphy II,byron murphy ii,4,11668,True,True
2026,4,00-0039340,DL,Laiatu Latu,laiatu latu,4,11669,True,True
2026,4,00-0039401,DL,Khristian Boyd,khristian boyd,3,11796,True,True
2026,4,00-0039402,DL,Jaden Crumedy,jaden crumedy,3,11795,True,True
2026,4,00-0039421,DL,Levi Drake Rodriguez,levi drake rodriguez,4,11819,True,True
2026,4,00-0039423,DL,Jonah Laulu,jonah laulu,3,11827,True,True
2026,4,00-0039431,DL,Jowon Briggs,jowon briggs,4,11846,True,True
2026,4,00-0039433,DL,Marcus Harris,marcus harris,2,11828,True,False
2026,4,00-0039733,DL,Ruke Orhorhoro,ruke orhorhoro,4,11695,True,True
2026,4,00-0039734,DL,Braden Fiske,braden fiske,4,11677,True,True
2026,4,00-0039749,DL,Tyler Davis,tyler davis,4,11799,True,True
2026,4,00-0039752,DL,Cedric Johnson,cedric johnson,4,11785,True,True
2026,4,00-0039835,DL,Justin Eboigbe,justin eboigbe,4,11743,True,True
2026,4,00-0039840,DL,Austin Booker,austin booker,4,11760,True,True
2026,4,00-0039852,DL,Jared Verse,jared verse,4,11665,True,True
2026,4,00-0039854,DL,Darius Robinson,darius robinson,4,11658,True,True
2026,4,00-0039859,DL,Brandon Dorlus,brandon dorlus,4,11740,True,True
2026,4,00-0039873,DL,DeWayne Carter,dewayne carter,4,11706,True,True
2026,4,00-0039886,DL,T'Vondre Sweat,t'vondre sweat,4,11691,True,True
2026,4,00-0039889,DL,Maason Smith,maason smith,4,11698,True,True
2026,4,00-0039895,DL,Mike Hall Jr.,mike hall jr.,4,11692,True,True
2026,4,00-0039908,DL,Kris Jenkins,kris jenkins,4,11688,True,True
2026,4,00-0040010,DL,Barryn Sorrell,barryn sorrell,4,12644,True,True
2026,4,00-0040041,DL,Nazir Stackhouse,nazir stackhouse,4,12927,True,True
2026,4,00-0040076,DL,Aeneas Peebles,aeneas peebles,2,12696,True,True
2026,4,00-0040132,DL,Landon Jackson,landon jackson,4,12580,True,True
2026,4,00-0040144,DL,Jamaree Caldwell,jamaree caldwell,4,12620,True,True
2026,4,00-0040153,DL,Sai'vion Jones,sai'vion jones,3,12628,True,True
2026,4,00-0040169,DL,Tonka Hemingway,tonka hemingway,4,12635,True,True
2026,4,00-0040171,DL,Joshua Farmer,joshua farmer,4,12587,True,True
2026,4,00-0040173,DL,Tyrion Ingram-Dawkins,tyrion ingram-dawkins,4,12683,True,True
2026,4,00-0040174,DL,Cam Jackson,cam jackson,1,12682,True,True
2026,4,00-0040175,DL,Jordan Phillips,jordan phillips,4,12679,True,True
2026,4,00-0040183,DL,Elijah Roberts,elijah roberts,4,12671,True,True
2026,4,00-0040188,DL,Yahya Black,yahya black,4,12665,True,True
2026,4,00-0040199,DL,JJ Pegues,jj pegues,1,12689,True,True
2026,4,00-0040207,DL,Tim Smith,tim smith,4,12691,True,True
2026,4,00-0040248,DL,Zeek Biggers,zeek biggers,4,12720,True,True
2026,4,00-0040255,DL,Adin Huntington,adin huntington,4,13104,True,True
2026,4,00-0040329,DL,B.J. Green,b.j. green,1,12910,True,True
2026,4,00-0040342,DL,Danny Striggow,danny striggow,4,,False,True
2026,4,00-0040384,DL,Elijah Simmons,elijah simmons,2,,False,True
2026,4,00-0040458,DL,TeRah Edwards,terah edwards,4,,False,True
2026,4,00-0040560,DL,Sebastian Valdez,sebastian valdez,2,,False,True
2026,4,00-0040585,DL,Ty Hamilton,ty hamilton,4,12676,True,True
2026,4,00-0040640,DL,Ashton Gillotte,ashton gillotte,4,12623,True,True
2026,4,00-0040642,DL,Vernon Broughton,vernon broughton,4,12618,True,True
2026,4,00-0040647,DL,Rylie Mills,rylie mills,4,12680,True,True
2026,4,00-0040655,DL,Keith Cooper Jr.,keith cooper jr.,3,,False,True
2026,4,00-0040662,DL,Ty Robinson,ty robinson,4,12651,True,True
2026,4,00-0040672,DL,Tyleik Williams,tyleik williams,4,12554,True,True
2026,4,00-0040678,DL,Derrick Harmon,derrick harmon,4,12561,True,True
2026,4,00-0040685,DL,Mason Graham,mason graham,4,12573,True,True
2026,4,00-0040689,DL,Anthony Campbell,anthony campbell,1,,False,True
2026,4,00-0040694,DL,Darius Alexander,darius alexander,3,12581,True,True
2026,4,00-0040706,DL,Walter Nolen,walter nolen,4,12552,True,True
2026,4,00-0040710,DL,Deone Walker,deone walker,4,12652,True,True
2026,4,00-0040711,DL,C.J. West,c.j. west,2,12649,True,True
2026,4,00-0040744,DL,Jaylahn Tuimoloau,jaylahn tuimoloau,4,12594,True,True
2026,4,00-0040752,DL,Oluwafemi Oladejo,oluwafemi oladejo,4,12583,True,True
2026,4,00-0040756,DL,Shemar Stewart,shemar stewart,2,12560,True,True
2026,4,00-0040869,DL,Chris McClellan,chris mcclellan,4,13468,True,True
2026,4,00-0040880,DL,LT Overton,lt overton,4,13480,True,True
2026,4,00-0041033,DL,Caleb Banks,caleb banks,4,13445,True,True
2026,4,00-0041045,DL,Albert Regis,albert regis,3,13476,True,True
2026,4,00-0041046,DL,Domonique Orange,domonique orange,4,13464,True,True
2026,4,00-0041072,DL,Nick Barrett,nick barrett,4,13527,True,True
2026,4,00-0041110,DL,Jordan van den Berg,jordan van den berg,4,,False,True
2026,4,00-0041111,DL,Caden Curry,caden curry,4,,False,True
2026,4,00-0041148,DL,Aaron Hall,aaron hall,4,13706,True,True
2026,4,00-0041159,DL,Rodney McGraw,rodney mcgraw,1,,False,True
2026,4,00-0041218,DL,Bryan Thomas Jr.,bryan thomas jr.,3,13650,True,True
2026,4,00-0041305,DL,Sabastian Harsh,sabastian harsh,4,13860,True,True
2026,4,00-0041358,DL,Bryson Eason,bryson eason,2,,False,True
2026,4,00-0041363,DL,James Thompson Jr.,james thompson jr.,2,,False,True
2026,4,00-0041390,DL,Christen Miller,christen miller,1,,False,True
2026,4,00-0041441,DL,Derrick Moore,derrick moore,4,13458,True,True
2026,4,00-0041447,DL,Skyler Gill-Howard,skyler gill-howard,4,13547,True,True
2026,4,00-0041459,DL,Eric O'Neill,eric o'neill,4,14035,True,True
2026,4,00-0041478,DL,Lee Hunter,lee hunter,4,,False,True
2026,4,00-0041501,DL,R Mason Thomas,r mason thomas,4,,False,True
2026,4,00-0041508,DL,Keldric Faulk,keldric faulk,4,,False,True
2026,4,00-0041531,DL,Max Llewellyn,max llewellyn,1,13566,True,True
2026,4,00-0041545,DL,Peter Woods,peter woods,4,,False,False
2026,4,00-0041546,DL,Cashius Howell,cashius howell,4,,False,True
2026,4,00-0041549,DL,Darrell Jackson Jr.,darrell jackson jr.,4,13504,True,True
2026,4,00-0041556,DL,Romello Height,romello height,3,,False,True
2026,4,00-0041557,DL,Gracen Halton,gracen halton,4,13501,True,True
2026,4,00-0025565,K,Nick Folk,nick folk,4,650,True,True
2026,4,00-0031136,K,Chris Boswell,chris boswell,4,1945,True,True
2026,4,00-0031203,K,Cairo Santos,cairo santos,4,2020,True,True
2026,4,00-0031492,K,Jason Myers,jason myers,4,2747,True,True
2026,4,00-0032569,K,Wil Lutz,wil lutz,4,3678,True,True
2026,4,00-0032726,K,Ka'imi Fairbairn,ka'imi fairbairn,4,3451,True,True
2026,4,00-0033303,K,Harrison Butker,harrison butker,4,4227,True,True
2026,4,00-0033787,K,Jake Elliott,jake elliott,4,4195,True,True
2026,4,00-0034161,K,Daniel Carlson,daniel carlson,4,5095,True,True
2026,4,00-0034173,K,Eddy Pineiro,eddy pineiro,4,5189,True,True
2026,4,00-0034794,K,Jason Sanders,jason sanders,4,5119,True,True
2026,4,00-0035192,K,Joey Slye,joey slye,4,6528,True,True
2026,4,00-0035269,K,Matt Gay,matt gay,4,6083,True,True
2026,4,00-0035358,K,Chase McLaughlin,chase mclaughlin,4,6650,True,True
2026,4,00-0036162,K,Tyler Bass,tyler bass,4,7042,True,True
2026,4,00-0036816,K,Riley Patterson,riley patterson,4,7922,True,True
2026,4,00-0036854,K,Evan McPherson,evan mcpherson,4,7839,True,True
2026,4,00-0037224,K,Cameron Dicker,cameron dicker,4,8259,True,True
2026,4,00-0037692,K,Brandon Aubrey,brandon aubrey,4,11533,True,True
2026,4,00-0038428,K,Andre Szmyt,andre szmyt,4,11261,True,True
2026,4,00-0038567,K,Chad Ryland,chad ryland,4,10955,True,True
2026,4,00-0039172,K,Jake Bates,jake bates,4,11539,True,True
2026,4,00-0039404,K,Will Reichard,will reichard,4,11792,True,True
2026,4,00-0039409,K,Cam Little,cam little,4,11786,True,True
2026,4,00-0039498,K,Harrison Mevis,harrison mevis,4,12015,True,True
2026,4,00-0039576,K,Spencer Shrader,spencer shrader,4,12185,True,True
2026,4,00-0040074,K,Tyler Loop,tyler loop,4,12711,True,True
2026,4,00-0040200,K,Andy Borregales,andy borregales,4,12713,True,True
2026,4,00-0040279,K,Ryan Fitzgerald,ryan fitzgerald,4,12961,True,True
2026,4,00-0040899,K,Trey Smack,trey smack,4,,False,True
2026,4,00-0041145,K,Dominic Zvada,dominic zvada,4,,False,True
2026,4,00-0041182,K,Drew Stevens,drew stevens,4,,False,True
2026,4,00-0027940,LB,Von Miller,von miller,4,871,True,True
2026,4,00-0027962,LB,Cameron Jordan,cameron jordan,3,957,True,True
2026,4,00-0029607,LB,Demario Davis,demario davis,4,1052,True,True
2026,4,00-0031040,LB,Khalil Mack,khalil mack,4,2036,True,True
2026,4,00-0031360,LB,Kyle Van Noy,kyle van noy,4,2130,True,True
2026,4,00-0031411,LB,DeMarcus Lawrence,demarcus lawrence,4,2064,True,True
2026,4,00-0031898,LB,Alex Singleton,alex singleton,4,2617,True,True
2026,4,00-0032052,LB,Dante Fowler Jr.,dante fowler jr.,4,2308,True,True
2026,4,00-0032146,LB,Bud Dupree,bud dupree,4,2327,True,True
2026,4,00-0032415,LB,Matthew Judon,matthew judon,1,3303,True,True
2026,4,00-0033336,LB,Eric Wilson,eric wilson,4,4413,True,True
2026,4,00-0033868,LB,Myles Garrett,myles garrett,1,3973,True,True
2026,4,00-0033886,LB,T.J. Watt,t.j. watt,4,4070,True,True
2026,4,00-0033914,LB,Alex Anzalone,alex anzalone,4,4118,True,True
2026,4,00-0033935,LB,Trey Hendrickson,trey hendrickson,3,4135,True,True
2026,4,00-0033964,LB,Al-Quadin Muhammad,al-quadin muhammad,4,4259,True,True
2026,4,00-0034302,LB,Frankie Luvu,frankie luvu,2,5580,True,True
2026,4,00-0034350,LB,Uchenna Nwosu,uchenna nwosu,4,5061,True,True
2026,4,00-0034381,LB,Josh Sweat,josh sweat,4,4999,True,True
2026,4,00-0034413,LB,Foyesade Oluokun,foyesade oluokun,4,5332,True,True
2026,4,00-0034431,LB,Zaire Franklin,zaire franklin,4,5346,True,True
2026,4,00-0034473,LB,Dennis Gardeck,dennis gardeck,4,5158,True,True
2026,4,00-0034673,LB,Tremaine Edmunds,tremaine edmunds,4,4968,True,True
2026,4,00-0034720,LB,Robert Spillane,robert spillane,4,5726,True,True
2026,4,00-0034754,LB,Oren Burks,oren burks,4,5031,True,True
2026,4,00-0034779,LB,Ronnie Harrison,ronnie harrison,1,5025,True,True
2026,4,00-0034801,LB,Josh Woods,josh woods,4,5757,True,True
2026,4,00-0034815,LB,Fred Warner,fred warner,4,5041,True,True
2026,4,00-0034832,LB,Bradley Chubb,bradley chubb,4,4967,True,True
2026,4,00-0034874,LB,Roquan Smith,roquan smith,4,4960,True,True
2026,4,00-0034967,LB,Rashan Gary,rashan gary,4,5839,True,True
2026,4,00-0034982,LB,Dre Greenlaw,dre greenlaw,4,6056,True,True
2026,4,00-0035144,LB,Mack Wilson,mack wilson,4,6131,True,True
2026,4,00-0035166,LB,Azeez Al-Shaair,azeez al-shaair,3,6485,True,True
2026,4,00-0035202,LB,Del'Shawn Phillips,del'shawn phillips,4,6348,True,True
2026,4,00-0035240,LB,Jahlani Tavai,jahlani tavai,4,6179,True,True
2026,4,00-0035254,LB,Anthony Nelson,anthony nelson,4,6003,True,True
2026,4,00-0035262,LB,Drue Tranquill,drue tranquill,4,6141,True,True
2026,4,00-0035272,LB,Andrew Van Ginkel,andrew van ginkel,4,6183,True,True
2026,4,00-0035276,LB,Blake Cashman,blake cashman,4,6217,True,True
2026,4,00-0035286,LB,Cole Holcomb,cole holcomb,4,6220,True,True
2026,4,00-0035316,LB,Kaden Elliss,kaden elliss,3,6302,True,True
2026,4,00-0035352,LB,Tyrel Dodson,tyrel dodson,2,6315,True,True
2026,4,00-0035363,LB,Joe Giles-Harris,joe giles-harris,4,6105,True,True
2026,4,00-0035386,LB,T.J. Edwards,t.j. edwards,4,5960,True,True
2026,4,00-0035413,LB,Luke Gifford,luke gifford,4,6612,True,True
2026,4,00-0035525,LB,Devin Bush,devin bush,4,5843,True,True
2026,4,00-0035617,LB,Troy Reeder,troy reeder,3,6353,True,True
2026,4,00-0035672,LB,Cody Barton,cody barton,4,6065,True,True
2026,4,00-0035678,LB,Dre'Mont Jones,dre'mont jones,3,5865,True,True
2026,4,00-0035680,LB,Quincy Williams,quincy williams,4,6214,True,True
2026,4,00-0035687,LB,Bobby Okereke,bobby okereke,4,5944,True,True
2026,4,00-0035707,LB,Devin White,devin white,2,6119,True,True
2026,4,00-0035713,LB,Brian Burns,brian burns,3,5862,True,True
2026,4,00-0035895,LB,Joe Bachie,joe bachie,2,7014,True,True
2026,4,00-0035900,LB,Cole Christiansen,cole christiansen,3,7329,True,True
2026,4,00-0035933,LB,Michael Hoecht,michael hoecht,4,7342,True,True
2026,4,00-0035942,LB,Christian Rozeboom,christian rozeboom,3,7346,True,True
2026,4,00-0036157,LB,Kristian Welch,kristian welch,1,7197,True,True
2026,4,00-0036159,LB,Joshua Uche,joshua uche,4,6921,True,True
2026,4,00-0036192,LB,A.J. Epenesa,a.j. epenesa,3,6802,True,True
2026,4,00-0036193,LB,Anfernee Jennings,anfernee jennings,3,6848,True,True
2026,4,00-0036224,LB,Jonathan Greenard,jonathan greenard,2,6900,True,True
2026,4,00-0036280,LB,Malik Harrison,malik harrison,3,6867,True,True
2026,4,00-0036286,LB,K'Lavon Chaisson,k'lavon chaisson,4,6800,True,True
2026,4,00-0036298,LB,Akeem Davis-Gaither,akeem davis-gaither,4,6860,True,True
2026,4,00-0036305,LB,Trevis Gipson,trevis gipson,4,7120,True,True
2026,4,00-0036323,LB,Patrick Queen,patrick queen,4,6807,True,True
2026,4,00-0036333,LB,Alex Highsmith,alex highsmith,4,7113,True,True
2026,4,00-0036338,LB,Troy Dye,troy dye,4,6941,True,True
2026,4,00-0036362,LB,Willie Gay Jr.,willie gay jr.,4,7023,True,True
2026,4,00-0036378,LB,Michael Danna,michael danna,1,6958,True,True
2026,4,00-0036409,LB,Jordyn Brooks,jordyn brooks,4,6949,True,True
2026,4,00-0036418,LB,Zack Baun,zack baun,3,6815,True,True
2026,4,00-0036428,LB,Justin Strnad,justin strnad,4,6977,True,True
2026,4,00-0036441,LB,"Kenneth Murray, Jr.","kenneth murray, jr.",1,6811,True,True
2026,4,00-0036500,LB,Jamien Sherwood,jamien sherwood,4,7841,True,True
2026,4,00-0036621,LB,Nick Bolton,nick bolton,4,7648,True,True
2026,4,00-0036648,LB,Nick Niemann,nick niemann,4,7807,True,True
2026,4,00-0036658,LB,Isaiah McDuffie,isaiah mcduffie,4,7782,True,True
2026,4,00-0036672,LB,Grant Stuard,grant stuard,4,7750,True,True
2026,4,00-0036716,LB,Amen Ogbongbemiga,amen ogbongbemiga,2,7936,True,True
2026,4,00-0036728,LB,Curtis Robinson,curtis robinson,1,8020,True,True
2026,4,00-0036813,LB,Christian Elliss,christian elliss,4,7921,True,True
2026,4,00-0036844,LB,Garret Wallow,garret wallow,4,7821,True,True
2026,4,00-0036867,LB,Chris Rumph,chris rumph,4,7721,True,True
2026,4,00-0036914,LB,Greg Rousseau,greg rousseau,4,7627,True,True
2026,4,00-0036927,LB,Pete Werner,pete werner,4,7647,True,True
2026,4,00-0036933,LB,Zaven Collins,zaven collins,4,7637,True,True
2026,4,00-0036934,LB,Jaelan Phillips,jaelan phillips,4,7635,True,True
2026,4,00-0036940,LB,Odafe Oweh,odafe oweh,4,7626,True,True
2026,4,00-0036964,LB,Derrick Barnes,derrick barnes,4,7726,True,True
2026,4,00-0036990,LB,Divine Deablo,divine deablo,4,7677,True,True
2026,4,00-0036994,LB,Ernest Jones,ernest jones,4,7672,True,True
2026,4,00-0036995,LB,Baron Browning,baron browning,4,7681,True,True
2026,4,00-0037003,LB,Chazz Surratt,chazz surratt,3,7673,True,True
2026,4,00-0037007,LB,Patrick Jones II,patrick jones ii,2,7674,True,True
2026,4,00-0037074,LB,Quay Walker,quay walker,4,8266,True,True
2026,4,00-0037083,LB,Kingsley Enagbare,kingsley enagbare,3,8382,True,True
2026,4,00-0037109,LB,Jack Sanborn,jack sanborn,4,8363,True,True
2026,4,00-0037179,LB,Jeremiah Moon,jeremiah moon,2,8297,True,True
2026,4,00-0037208,LB,Jack Cochrane,jack cochrane,4,8710,True,True
2026,4,00-0037244,LB,Devin Lloyd,devin lloyd,3,8329,True,True
2026,4,00-0037249,LB,Nik Bonitto,nik bonitto,4,8280,True,True
2026,4,00-0037254,LB,Terrel Bernard,terrel bernard,4,8311,True,True
2026,4,00-0037259,LB,Micah McFadden,micah mcfadden,3,8396,True,True
2026,4,00-0037271,LB,D'Marco Jackson,d'marco jackson,4,8367,True,True
2026,4,00-0037289,LB,Malcolm Rodriguez,malcolm rodriguez,4,8334,True,True
2026,4,00-0037310,LB,James Houston,james houston,2,8494,True,True
2026,4,00-0037312,LB,Chance Campbell,chance campbell,1,8369,True,True
2026,4,00-0037457,LB,Jake Hansen,jake hansen,4,8349,True,True
2026,4,00-0037526,LB,Marcelino McCrary-Ball,marcelino mccrary-ball,2,8618,True,True
2026,4,00-0037527,LB,Segun Olubi,segun olubi,4,8620,True,True
2026,4,00-0037587,LB,Nate Landman,nate landman,4,8659,True,True
2026,4,00-0037596,LB,Jack Gibbens,jack gibbens,4,8680,True,True
2026,4,00-0037611,LB,Kayvon Thibodeaux,kayvon thibodeaux,4,8355,True,True
2026,4,00-0037615,LB,Nakobe Dean,nakobe dean,4,8267,True,True
2026,4,00-0037633,LB,Jake Hummel,jake hummel,1,8733,True,True
2026,4,00-0037799,LB,Dondrea Tillman,dondrea tillman,3,12427,True,True
2026,4,00-0037819,LB,Leo Chenal,leo chenal,3,8362,True,True
2026,4,00-0037823,LB,Christian Harris,christian harris,3,8278,True,True
2026,4,00-0038116,LB,Arnold Ebiketie,arnold ebiketie,4,8325,True,True
2026,4,00-0038399,LB,Zaire Barnes,zaire barnes,4,11000,True,True
2026,4,00-0038429,LB,Liam Anderson,liam anderson,2,11281,True,True
2026,4,00-0038493,LB,Claudin Cherelus,claudin cherelus,2,11305,True,True
2026,4,00-0038504,LB,Trenton Simpson,trenton simpson,4,10935,True,True
2026,4,00-0038505,LB,Tavius Robinson,tavius robinson,4,10944,True,True
2026,4,00-0038553,LB,Daiyan Henley,daiyan henley,4,10914,True,True
2026,4,00-0038556,LB,DeMarvion Overshown,demarvion overshown,1,10933,True,True
2026,4,00-0038557,LB,Dorian Williams,dorian williams,4,10923,True,True
2026,4,00-0038570,LB,Ventrell Miller,ventrell miller,4,10947,True,True
2026,4,00-0038577,LB,Nick Herbig,nick herbig,4,10940,True,True
2026,4,00-0038580,LB,Yasir Abdullah,yasir abdullah,4,10992,True,True
2026,4,00-0038599,LB,Henry To'oTo'o,henry to'oto'o,1,10970,True,True
2026,4,00-0038600,LB,Owen Pappoe,owen pappoe,1,10969,True,True
2026,4,00-0038625,LB,Dee Winters,dee winters,4,11017,True,True
2026,4,00-0038635,LB,Andre Jones,andre jones,2,11041,True,True
2026,4,00-0038660,LB,Trevor Nowaske,trevor nowaske,4,11348,True,True
2026,4,00-0038711,LB,Mohamoud Diabate,mohamoud diabate,1,11350,True,True
2026,4,00-0038742,LB,Tyrus Wheat,tyrus wheat,3,11512,True,True
2026,4,00-0038764,LB,Patrick O'Connell,patrick o'connell,4,11230,True,True
2026,4,00-0038782,LB,Eku Leota,eku leota,4,11336,True,True
2026,4,00-0038791,LB,Thomas Incoom,thomas incoom,4,11441,True,True
2026,4,00-0038807,LB,Ivan Pace Jr.,ivan pace jr.,4,11086,True,True
2026,4,00-0038851,LB,Caleb Murphy,caleb murphy,2,11098,True,True
2026,4,00-0038890,LB,Shaka Heyward,shaka heyward,1,11251,True,True
2026,4,00-0038922,LB,Drake Thomas,drake thomas,4,11470,True,True
2026,4,00-0039013,LB,Nolan Smith,nolan smith,4,10873,True,True
2026,4,00-0039018,LB,Jack Campbell,jack campbell,4,10880,True,True
2026,4,00-0039047,LB,Derick Hall,derick hall,4,10911,True,True
2026,4,00-0039049,LB,SirVocea Dennis,sirvocea dennis,4,10980,True,True
2026,4,00-0039053,LB,Jose Ramirez,jose ramirez,2,10998,True,True
2026,4,00-0039061,LB,Desjuan Johnson,desjuan johnson,4,11021,True,True
2026,4,00-0039068,LB,Yaya Diaby,yaya diaby,4,10921,True,True
2026,4,00-0039111,LB,Tuli Tuipulotu,tuli tuipulotu,4,10898,True,True
2026,4,00-0039112,LB,Lukas Van Ness,lukas van ness,4,10885,True,True
2026,4,00-0039137,LB,Byron Young,byron young,4,10917,True,False
2026,4,00-0039178,LB,Austin Ajiake,austin ajiake,2,11066,True,True
2026,4,00-0039288,LB,Jackson Sirmon,jackson sirmon,1,,False,True
2026,4,00-0039313,LB,Swayze Bozeman,swayze bozeman,3,12255,True,True
2026,4,00-0039347,LB,Trevin Wallace,trevin wallace,2,11724,True,True
2026,4,00-0039368,LB,Jordan Magee,jordan magee,1,11778,True,True
2026,4,00-0039374,LB,Tommy Eichenberg,tommy eichenberg,4,11761,True,True
2026,4,00-0039377,LB,Jaylon Carlies,jaylon carlies,4,11777,True,True
2026,4,00-0039395,LB,Jamal Hill,jamal hill,3,11805,True,True
2026,4,00-0039406,LB,Nathaniel Watson,nathaniel watson,2,11790,True,True
2026,4,00-0039412,LB,Javontae Jean-Baptiste,javontae jean-baptiste,2,11816,True,True
2026,4,00-0039430,LB,James Williams,james williams,3,11847,True,True
2026,4,00-0039460,LB,Carl Jones,carl jones,2,,False,True
2026,4,00-0039515,LB,Winston Reid,winston reid,4,12083,True,True
2026,4,00-0039622,LB,Isaiah Stalbird,isaiah stalbird,3,11893,True,True
2026,4,00-0039637,LB,Maema Njongmeta,maema njongmeta,1,12057,True,True
2026,4,00-0039718,LB,Bo Richter,bo richter,4,11929,True,True
2026,4,00-0039740,LB,Jalyx Hunt,jalyx hunt,4,11703,True,True
2026,4,00-0039741,LB,Payton Wilson,payton wilson,4,11727,True,True
2026,4,00-0039763,LB,Joe Andreessen,joe andreessen,4,12397,True,True
2026,4,00-0039774,LB,Omar Speights,omar speights,4,12140,True,True
2026,4,00-0039775,LB,Elias Neal,elias neal,2,12227,True,True
2026,4,00-0039809,LB,Jonah Elliss,jonah elliss,4,11714,True,True
2026,4,00-0039812,LB,Ty'Ron Hopper,ty'ron hopper,3,11712,True,True
2026,4,00-0039815,LB,Tyrice Knight,tyrice knight,4,11734,True,True
2026,4,00-0039826,LB,Jeremiah Trotter Jr.,jeremiah trotter jr.,4,11752,True,True
2026,4,00-0039829,LB,Darius Muasau,darius muasau,4,11807,True,True
2026,4,00-0039837,LB,Bralen Trice,bralen trice,2,11721,True,True
2026,4,00-0039850,LB,Edgerrin Cooper,edgerrin cooper,4,11687,True,True
2026,4,00-0039858,LB,Cedric Gray,cedric gray,3,11742,True,True
2026,4,00-0039879,LB,Javon Solomon,javon solomon,4,11759,True,True
2026,4,00-0039911,LB,Chop Robinson,chop robinson,3,11663,True,True
2026,4,00-0039924,LB,Dallas Turner,dallas turner,4,11667,True,True
2026,4,00-0040011,LB,Shemar James,shemar james,4,12614,True,True
2026,4,00-0040013,LB,Smael Mondon Jr.,smael mondon jr.,4,12667,True,True
2026,4,00-0040043,LB,Justin Barron,justin barron,3,12853,True,True
2026,4,00-0040056,LB,Jared Ivey,jared ivey,3,13048,True,True
2026,4,00-0040061,LB,Connor O'Toole,connor o'toole,2,,False,True
2026,4,00-0040066,LB,Jackson Woodard,jackson woodard,4,13130,True,True
2026,4,00-0040069,LB,Teddye Buchanan,teddye buchanan,2,12640,True,True
2026,4,00-0040072,LB,Jeffrey Bassa,jeffrey bassa,4,12672,True,True
2026,4,00-0040100,LB,Jay Higgins,jay higgins,4,13024,True,True
2026,4,00-0040118,LB,Cooper McDonald,cooper mcdonald,1,13174,True,True
2026,4,00-0040136,LB,Princely Umanmielen,princely umanmielen,4,12610,True,True
2026,4,00-0040137,LB,Jordan Burch,jordan burch,4,12579,True,True
2026,4,00-0040155,LB,Danny Stutsman,danny stutsman,4,12650,True,True
2026,4,00-0040157,LB,Barrett Carter,barrett carter,4,12646,True,True
2026,4,00-0040158,LB,David Walker,david walker,4,12645,True,True
2026,4,00-0040160,LB,Jack Sawyer,jack sawyer,4,12593,True,True
2026,4,00-0040168,LB,Que Robinson,que robinson,4,12636,True,True
2026,4,00-0040186,LB,Francisco Mauigoa,francisco mauigoa,2,12666,True,True
2026,4,00-0040209,LB,Jalen McLeod,jalen mcleod,3,12708,True,True
2026,4,00-0040216,LB,Kain Medrano,kain medrano,4,12684,True,True
2026,4,00-0040228,LB,Cody Lindenberg,cody lindenberg,3,12722,True,True
2026,4,00-0040231,LB,Carson Bruener,carson bruener,4,12733,True,True
2026,4,00-0040249,LB,Fadil Diggs,fadil diggs,1,12609,True,True
2026,4,00-0040261,LB,Easton Mascarenas-Arnold,easton mascarenas-arnold,4,13165,True,True
2026,4,00-0040318,LB,Ale Kaho,ale kaho,3,13176,True,True
2026,4,00-0040326,LB,Branson Combs,branson combs,4,12917,True,True
2026,4,00-0040434,LB,Trace Ford,trace ford,1,,False,True
2026,4,00-0040449,LB,Karene Reid,karene reid,4,12781,True,True
2026,4,00-0040460,LB,Marlowe Wax,marlowe wax,4,12835,True,True
2026,4,00-0040496,LB,Chaz Chambliss,chaz chambliss,4,12879,True,True
2026,4,00-0040574,LB,Elijah Ponder,elijah ponder,4,12978,True,True
2026,4,00-0040579,LB,Carson Schwesinger,carson schwesinger,4,12578,True,True
2026,4,00-0040580,LB,Josaiah Stewart,josaiah stewart,4,12621,True,True
2026,4,00-0040613,LB,Shaun Dolac,shaun dolac,4,13000,True,True
2026,4,00-0040634,LB,Jordan Turner,jordan turner,4,,False,True
2026,4,00-0040645,LB,Cody Simon,cody simon,4,12648,True,True
2026,4,00-0040677,LB,Abdul Carter,abdul carter,4,12574,True,True
2026,4,00-0040708,LB,Jihaad Campbell,jihaad campbell,4,12566,True,True
2026,4,00-0040722,LB,Mike Green,mike green,4,12571,True,True
2026,4,00-0040725,LB,Donovan Ezeiruaku,donovan ezeiruaku,4,12556,True,True
2026,4,00-0040738,LB,Demetrius Knight Jr.,demetrius knight jr.,4,12617,True,True
2026,4,00-0040872,LB,Jaishawn Barham,jaishawn barham,4,13381,True,True
2026,4,00-0040877,LB,Dani Dennis-Sutton,dani dennis-sutton,4,13492,True,True
2026,4,00-0040978,LB,Ethan Burke,ethan burke,4,13733,True,True
2026,4,00-0041026,LB,David Bailey,david bailey,4,,False,True
2026,4,00-0041028,LB,Sonny Styles,sonny styles,4,13375,True,True
2026,4,00-0041031,LB,Rueben Bain,rueben bain,2,,False,True
2026,4,00-0041036,LB,TJ Parker,tj parker,4,13455,True,True
2026,4,00-0041039,LB,CJ Allen,cj allen,2,13388,True,True
2026,4,00-0041066,LB,Kendal Daniels,kendal daniels,4,13482,True,True
2026,4,00-0041074,LB,Joshua Josephs,joshua josephs,4,,False,True
2026,4,00-0041078,LB,Jaden Dugger,jaden dugger,4,13520,True,True
2026,4,00-0041085,LB,Keyshaun Elliott,keyshaun elliott,4,13512,True,True
2026,4,00-0041093,LB,Karson Sharar,karson sharar,4,13551,True,True
2026,4,00-0041102,LB,Jack Kelly,jack kelly,4,13531,True,True
2026,4,00-0041109,LB,Namdi Obiazor,namdi obiazor,4,13542,True,True
2026,4,00-0041112,LB,Harold Perkins Jr.,harold perkins jr.,4,13555,True,True
2026,4,00-0041119,LB,Jackson Kuwatch,jackson kuwatch,4,,False,True
2026,4,00-0041227,LB,Tahj Chambers,tahj chambers,4,13787,True,True
2026,4,00-0041338,LB,Caden Fordham,caden fordham,1,13971,True,True
2026,4,00-0041402,LB,Quintayvious Hutchins,quintayvious hutchins,2,13573,True,True
2026,4,00-0041404,LB,Wesley Bailey,wesley bailey,4,,False,True
2026,4,00-0041410,LB,Jaden Keller,jaden keller,1,,False,True
2026,4,00-0041421,LB,Darryl Peterson,darryl peterson,1,,False,True
2026,4,00-0041442,LB,Jimmy Rolder,jimmy rolder,2,13494,True,True
2026,4,00-0041444,LB,Kaleb Elarms-Orr,kaleb elarms-orr,4,13488,True,True
2026,4,00-0041449,LB,Aiden Fisher,aiden fisher,3,13572,True,True
2026,4,00-0041455,LB,Erick Hunter,erick hunter,3,13739,True,True
2026,4,00-0041465,LB,Wade Woodaz,wade woodaz,4,13490,True,True
2026,4,00-0041479,LB,Anthony Hill Jr.,anthony hill jr.,4,13365,True,True
2026,4,00-0041494,LB,Zion Young,zion young,4,13460,True,True
2026,4,00-0041495,LB,Jake Golday,jake golday,4,13391,True,True
2026,4,00-0041502,LB,Josiah Trotter,josiah trotter,3,13379,True,True
2026,4,00-0041509,LB,Arvell Reese,arvell reese,4,13377,True,True
2026,4,00-0041518,LB,Bryce Boettcher,bryce boettcher,4,13481,True,True
2026,4,00-0041522,LB,Jacob Rodriguez,jacob rodriguez,4,13453,True,True
2026,4,00-0041527,LB,Kyle Louis,kyle louis,1,13479,True,True
2026,4,00-0041537,LB,Malachi Lawrence,malachi lawrence,4,,False,True
2026,4,00-0041544,LB,Akheem Mesidor,akheem mesidor,4,,False,True
2026,4,00-0041569,LB,Gabe Jacas,gabe jacas,4,13457,True,True
2026,4,00-0023459,QB,Aaron Rodgers,aaron rodgers,4,96,True,True
2026,4,00-0026498,QB,Matthew Stafford,matthew stafford,4,421,True,True
2026,4,00-0027973,QB,Andy Dalton,andy dalton,1,829,True,True
2026,4,00-0028986,QB,Case Keenum,case keenum,2,1737,True,True
2026,4,00-0029604,QB,Kirk Cousins,kirk cousins,4,1166,True,True
2026,4,00-0030565,QB,Geno Smith,geno smith,4,1373,True,True
2026,4,00-0031503,QB,Jameis Winston,jameis winston,3,2306,True,True
2026,4,00-0032268,QB,Marcus Mariota,marcus mariota,3,2307,True,True
2026,4,00-0032950,QB,Carson Wentz,carson wentz,2,3161,True,True
2026,4,00-0033077,QB,Dak Prescott,dak prescott,4,3294,True,True
2026,4,00-0033106,QB,Jared Goff,jared goff,4,3163,True,True
2026,4,00-0033119,QB,Jacoby Brissett,jacoby brissett,4,3257,True,True
2026,4,00-0033319,QB,Nick Mullens,nick mullens,1,4464,True,True
2026,4,00-0033537,QB,Deshaun Watson,deshaun watson,4,4017,True,True
2026,4,00-0033662,QB,Cooper Rush,cooper rush,2,4574,True,True
2026,4,00-0033873,QB,Patrick Mahomes,patrick mahomes,4,4046,True,True
2026,4,00-0034771,QB,Mason Rudolph,mason rudolph,1,4972,True,True
2026,4,00-0034796,QB,Lamar Jackson,lamar jackson,4,4881,True,True
2026,4,00-0034855,QB,Baker Mayfield,baker mayfield,3,4892,True,True
2026,4,00-0034857,QB,Josh Allen,josh allen,4,4984,True,True
2026,4,00-0034869,QB,Sam Darnold,sam darnold,3,4943,True,True
2026,4,00-0035228,QB,Kyler Murray,kyler murray,3,5849,True,True
2026,4,00-0035704,QB,Drew Lock,drew lock,2,5854,True,True
2026,4,00-0035710,QB,Daniel Jones,daniel jones,4,5870,True,True
2026,4,00-0035993,QB,Tyler Huntley,tyler huntley,1,7083,True,True
2026,4,00-0036264,QB,Jordan Love,jordan love,4,6804,True,True
2026,4,00-0036355,QB,Justin Herbert,justin herbert,4,6797,True,True
2026,4,00-0036389,QB,Jalen Hurts,jalen hurts,4,6904,True,True
2026,4,00-0036442,QB,Joe Burrow,joe burrow,4,6770,True,True
2026,4,00-0036945,QB,Justin Fields,justin fields,1,7591,True,True
2026,4,00-0036971,QB,Trevor Lawrence,trevor lawrence,4,7523,True,True
2026,4,00-0036972,QB,Mac Jones,mac jones,1,7527,True,True
2026,4,00-0037834,QB,Brock Purdy,brock purdy,4,8183,True,True
2026,4,00-0038102,QB,Kenny Pickett,kenny pickett,2,8160,True,True
2026,4,00-0038128,QB,Malik Willis,malik willis,4,8161,True,True
2026,4,00-0038416,QB,Tyson Bagent,tyson bagent,2,11256,True,True
2026,4,00-0038476,QB,Tommy DeVito,tommy devito,1,11292,True,True
2026,4,00-0039107,QB,Stetson Bennett,stetson bennett,1,10857,True,True
2026,4,00-0039150,QB,Bryce Young,bryce young,4,9228,True,True
2026,4,00-0039163,QB,C.J. Stroud,c.j. stroud,4,9758,True,True
2026,4,00-0039732,QB,Bo Nix,bo nix,4,11563,True,True
2026,4,00-0039851,QB,Drake Maye,drake maye,4,11564,True,True
2026,4,00-0039910,QB,Jayden Daniels,jayden daniels,2,11566,True,True
2026,4,00-0039917,QB,Michael Penix Jr.,michael penix jr.,2,11559,True,True
2026,4,00-0039918,QB,Caleb Williams,caleb williams,2,11560,True,True
2026,4,00-0040234,QB,Quinn Ewers,quinn ewers,1,12500,True,True
2026,4,00-0040668,QB,Shedeur Sanders,shedeur sanders,1,12524,True,True
2026,4,00-0040676,QB,Cam Ward,cam ward,4,12522,True,True
2026,4,00-0040691,QB,Jaxson Dart,jaxson dart,2,12508,True,True
2026,4,00-0040743,QB,Tyler Shough,tyler shough,4,12545,True,True
2026,4,00-0041117,QB,Athan Kaliakmanis,athan kaliakmanis,1,13557,True,True
2026,4,00-0041194,QB,Jack Strand,jack strand,1,,False,True
2026,4,00-0041251,QB,Jalon Daniels,jalon daniels,2,13425,True,True
2026,4,WOO547869,QB,Peter Woods,peter woods,4,,False,False
2026,4,00-0029892,RB,Kyle Juszczyk,kyle juszczyk,4,1379,True,True
2026,4,00-0031595,RB,Michael Burton,michael burton,4,2471,True,True
2026,4,00-0032104,RB,Ameer Abdullah,ameer abdullah,4,2359,True,True
2026,4,00-0032764,RB,Derrick Henry,derrick henry,4,3198,True,True
2026,4,00-0033280,RB,Christian McCaffrey,christian mccaffrey,4,4034,True,True
2026,4,00-0033293,RB,Aaron Jones,aaron jones,4,4199,True,True
2026,4,00-0033376,RB,Patrick Ricard,patrick ricard,4,4353,True,True
2026,4,00-0033526,RB,Samaje Perine,samaje perine,4,4147,True,True
2026,4,00-0033699,RB,Austin Ekeler,austin ekeler,1,4663,True,True
2026,4,00-0033854,RB,Dare Ogunbowale,dare ogunbowale,1,4718,True,True
2026,4,00-0033906,RB,Alvin Kamara,alvin kamara,3,4035,True,True
2026,4,00-0034844,RB,Saquon Barkley,saquon barkley,4,4866,True,True
2026,4,00-0034959,RB,Andrew Beck,andrew beck,4,6323,True,True
2026,4,00-0034975,RB,Justice Hill,justice hill,4,5995,True,True
2026,4,00-0035125,RB,Alec Ingold,alec ingold,4,6109,True,True
2026,4,00-0035250,RB,Devin Singletary,devin singletary,2,6130,True,True
2026,4,00-0035261,RB,Tony Pollard,tony pollard,4,5967,True,True
2026,4,00-0035537,RB,Ty Johnson,ty johnson,2,6039,True,True
2026,4,00-0035567,RB,Craig Reynolds,craig reynolds,1,6659,True,True
2026,4,00-0035594,RB,Travis Homer,travis homer,3,6012,True,True
2026,4,00-0035685,RB,David Montgomery,david montgomery,4,5892,True,True
2026,4,00-0036139,RB,Rico Dowdle,rico dowdle,2,7021,True,True
2026,4,00-0036158,RB,J.K. Dobbins,j.k. dobbins,4,6806,True,True
2026,4,00-0036187,RB,Reggie Gilliam,reggie gilliam,4,7204,True,True
2026,4,00-0036223,RB,Jonathan Taylor,jonathan taylor,4,6813,True,True
2026,4,00-0036265,RB,AJ Dillon,aj dillon,4,6828,True,True
2026,4,00-0036275,RB,D'Andre Swift,d'andre swift,4,6790,True,True
2026,4,00-0036425,RB,DeeJay Dallas,deejay dallas,4,6931,True,True
2026,4,00-0036555,RB,Chuba Hubbard,chuba hubbard,4,7594,True,True
2026,4,00-0036727,RB,Adam Prentice,adam prentice,4,8025,True,True
2026,4,00-0036842,RB,Kene Nwangwu,kene nwangwu,1,7720,True,True
2026,4,00-0036875,RB,Rhamondre Stevenson,rhamondre stevenson,4,7611,True,True
2026,4,00-0036893,RB,Najee Harris,najee harris,3,7528,True,True
2026,4,00-0036919,RB,Kenny Gainwell,kenny gainwell,4,7567,True,True
2026,4,00-0036973,RB,Travis Etienne,travis etienne,3,7543,True,True
2026,4,00-0036997,RB,Javonte Williams,javonte williams,4,7588,True,True
2026,4,00-0037085,RB,Tyler Badie,tyler badie,3,8208,True,True
2026,4,00-0037120,RB,Tyler Goodson,tyler goodson,2,8207,True,True
2026,4,00-0037157,RB,Zonovan Knight,zonovan knight,4,8122,True,True
2026,4,00-0037228,RB,Jaylen Warren,jaylen warren,4,8228,True,True
2026,4,00-0037248,RB,James Cook,james cook,4,8138,True,True
2026,4,00-0037256,RB,Rachaad White,rachaad white,3,8136,True,True
2026,4,00-0037263,RB,Tyler Allgeier,tyler allgeier,4,8132,True,True
2026,4,00-0037304,RB,Connor Heyward,connor heyward,4,8181,True,True
2026,4,00-0037525,RB,Jordan Mason,jordan mason,1,8408,True,True
2026,4,00-0037557,RB,Ronnie Rivers,ronnie rivers,2,8195,True,True
2026,4,00-0037594,RB,Julius Chestnut,julius chestnut,4,8254,True,True
2026,4,00-0037745,RB,Velus Jones Jr.,velus jones jr.,3,8223,True,True
2026,4,00-0037746,RB,Brian Robinson,brian robinson,4,8154,True,True
2026,4,00-0037840,RB,Kyren Williams,kyren williams,4,8150,True,True
2026,4,00-0038120,RB,Breece Hall,breece hall,3,8155,True,True
2026,4,00-0038134,RB,Kenneth Walker III,kenneth walker iii,4,8151,True,True
2026,4,00-0038409,RB,Lew Nichols III,lew nichols iii,2,9510,True,True
2026,4,00-0038454,RB,Keaton Mitchell,keaton mitchell,4,9511,True,True
2026,4,00-0038488,RB,Brady Russell,brady russell,4,11280,True,True
2026,4,00-0038489,RB,Ben VanSumeren,ben vansumeren,4,11273,True,True
2026,4,00-0038542,RB,Bijan Robinson,bijan robinson,4,9509,True,True
2026,4,00-0038551,RB,Kendre Miller,kendre miller,3,9757,True,True
2026,4,00-0038555,RB,Tank Bigsby,tank bigsby,4,9225,True,True
2026,4,00-0038597,RB,Chase Brown,chase brown,4,9224,True,True
2026,4,00-0038611,RB,Chris Rodriguez Jr.,chris rodriguez jr.,4,10219,True,True
2026,4,00-0038685,RB,Chris Brooks,chris brooks,4,11370,True,True
2026,4,00-0038705,RB,Emari Demercado,emari demercado,2,11199,True,True
2026,4,00-0038738,RB,Hunter Luepke,hunter luepke,4,11510,True,True
2026,4,00-0038794,RB,Jaleel McLaughlin,jaleel mclaughlin,3,11439,True,True
2026,4,00-0038797,RB,Emanuel Wilson,emanuel wilson,4,11435,True,True
2026,4,00-0038896,RB,Jacob Saylors,jacob saylors,4,11237,True,True
2026,4,00-0038951,RB,Sean Tucker,sean tucker,3,9506,True,True
2026,4,00-0039021,RB,Roschon Johnson,roschon johnson,4,10235,True,True
2026,4,00-0039032,RB,Tyjae Spears,tyjae spears,4,9508,True,True
2026,4,00-0039040,RB,De'Von Achane,de'von achane,3,9226,True,True
2026,4,00-0039139,RB,Jahmyr Gibbs,jahmyr gibbs,4,9221,True,True
2026,4,00-0039299,RB,George Holani,george holani,4,12048,True,True
2026,4,00-0039344,RB,Jonathon Brooks,jonathon brooks,2,11583,True,True
2026,4,00-0039361,RB,Bucky Irving,bucky irving,4,11584,True,True
2026,4,00-0039364,RB,Sione Vaki,sione vaki,4,11729,True,True
2026,4,00-0039384,RB,Tyrone Tracy Jr.,tyrone tracy jr.,4,11655,True,True
2026,4,00-0039391,RB,Kimani Vidal,kimani vidal,4,11647,True,True
2026,4,00-0039407,RB,Dylan Laube,dylan laube,4,11574,True,True
2026,4,00-0039471,RB,Frank Gore Jr.,frank gore jr.,2,11573,True,True
2026,4,00-0039603,RB,British Brooks,british brooks,3,12171,True,True
2026,4,00-0039738,RB,Blake Corum,blake corum,4,11586,True,True
2026,4,00-0039746,RB,Will Shipley,will shipley,4,11577,True,True
2026,4,00-0039794,RB,Braelon Allen,braelon allen,4,11576,True,True
2026,4,00-0039796,RB,Rasheen Ali,rasheen ali,4,11570,True,True
2026,4,00-0039798,RB,Isaiah Davis,isaiah davis,4,11571,True,True
2026,4,00-0039811,RB,MarShawn Lloyd,marshawn lloyd,4,11581,True,True
2026,4,00-0039874,RB,Jaylen Wright,jaylen wright,3,11643,True,True
2026,4,00-0039875,RB,Ray Davis,ray davis,4,11575,True,True
2026,4,00-0040078,RB,Brashard Smith,brashard smith,4,12455,True,True
2026,4,00-0040122,RB,Ashton Jeanty,ashton jeanty,4,12527,True,True
2026,4,00-0040142,RB,Kaleb Johnson,kaleb johnson,4,12504,True,True
2026,4,00-0040162,RB,Dylan Sampson,dylan sampson,1,12469,True,True
2026,4,00-0040177,RB,Jordan James,jordan james,2,12467,True,True
2026,4,00-0040198,RB,Ollie Gordon II,ollie gordon ii,4,12495,True,True
2026,4,00-0040208,RB,Tahj Brooks,tahj brooks,4,12543,True,True
2026,4,00-0040236,RB,Kyle Monangai,kyle monangai,4,12534,True,True
2026,4,00-0040238,RB,LeQuint Allen Jr.,lequint allen jr.,4,12544,True,True
2026,4,00-0040242,RB,Jacory Croskey-Merritt,jacory croskey-merritt,4,12533,True,True
2026,4,00-0040394,RB,Anthony Tyus III,anthony tyus iii,2,12939,True,True
2026,4,00-0040429,RB,Josh Williams,josh williams,1,12787,True,True
2026,4,00-0040466,RB,Raheim Sanders,raheim sanders,4,12472,True,True
2026,4,00-0040556,RB,Corey Kiner,corey kiner,4,12491,True,True
2026,4,00-0040568,RB,Lan Larison,lan larison,1,12969,True,True
2026,4,00-0040583,RB,Woody Marks,woody marks,4,12474,True,True
2026,4,00-0040666,RB,Omarion Hampton,omarion hampton,4,12507,True,True
2026,4,00-0040715,RB,Cam Skattebo,cam skattebo,4,12481,True,True
2026,4,00-0040719,RB,Bhayshul Tuten,bhayshul tuten,4,12490,True,True
2026,4,00-0040730,RB,RJ Harvey,rj harvey,3,12489,True,True
2026,4,00-0040734,RB,TreVeyon Henderson,treveyon henderson,3,12529,True,True
2026,4,00-0040784,RB,Quinshon Judkins,quinshon judkins,4,12512,True,True
2026,4,00-0040878,RB,Mike Washington Jr.,mike washington jr.,4,13305,True,True
2026,4,00-0040886,RB,Nicholas Singleton,nicholas singleton,3,13288,True,True
2026,4,00-0041013,RB,Emmett Johnson,emmett johnson,4,13337,True,True
2026,4,00-0041027,RB,Jeremiyah Love,jeremiyah love,4,13287,True,True
2026,4,00-0041052,RB,Kaelon Black,kaelon black,4,13414,True,True
2026,4,00-0041081,RB,Max Bredeson,max bredeson,4,,False,True
2026,4,00-0041096,RB,Kaytron Allen,kaytron allen,4,13405,True,True
2026,4,00-0041104,RB,Demond Claiborne,demond claiborne,3,13347,True,True
2026,4,00-0041125,RB,Seth McGowan,seth mcgowan,4,13424,True,True
2026,4,00-0041326,RB,CJ Donaldson,cj donaldson,4,13277,True,True
2026,4,00-0041398,RB,Riley Nowakowski,riley nowakowski,4,13433,True,True
2026,4,00-0041415,RB,Dean Connors,dean connors,2,13315,True,True
2026,4,00-0041436,RB,DJ Herman,dj herman,4,14026,True,True
2026,4,00-0041490,RB,Eli Heidenreich,eli heidenreich,2,13423,True,True
2026,4,00-0041496,RB,Jonah Coleman,jonah coleman,2,13345,True,True
2026,4,00-0041512,RB,Jadarian Price,jadarian price,3,13286,True,True
2026,4,00-0030061,TE,Zach Ertz,zach ertz,2,1339,True,True
2026,4,00-0030506,TE,Travis Kelce,travis kelce,4,1466,True,True
2026,4,00-0031484,TE,Chris Manhertz,chris manhertz,4,3048,True,True
2026,4,00-0031610,TE,Darren Waller,darren waller,4,2505,True,True
2026,4,00-0032392,TE,Austin Hooper,austin hooper,4,3202,True,True
2026,4,00-0033090,TE,Hunter Henry,hunter henry,4,3214,True,True
2026,4,00-0033110,TE,Tyler Higbee,tyler higbee,4,3271,True,True
2026,4,00-0033217,TE,Mo Alie-Cox,mo alie-cox,4,4054,True,True
2026,4,00-0033246,TE,Johnny Mundt,johnny mundt,4,4314,True,True
2026,4,00-0033288,TE,George Kittle,george kittle,4,4217,True,True
2026,4,00-0033576,TE,Eric Saubert,eric saubert,4,4189,True,True
2026,4,00-0033757,TE,Robert Tonyan,robert tonyan,4,4602,True,True
2026,4,00-0033858,TE,Jonnu Smith,jonnu smith,4,4144,True,True
2026,4,00-0033881,TE,Evan Engram,evan engram,4,4066,True,True
2026,4,00-0033885,TE,David Njoku,david njoku,2,4033,True,True
2026,4,00-0034270,TE,Tyler Conklin,tyler conklin,2,5133,True,True
2026,4,00-0034351,TE,Dallas Goedert,dallas goedert,2,5022,True,True
2026,4,00-0034365,TE,Ian Thomas,ian thomas,4,4995,True,True
2026,4,00-0034383,TE,Dalton Schultz,dalton schultz,4,5001,True,True
2026,4,00-0034613,TE,Tanner Hudson,tanner hudson,3,5409,True,True
2026,4,00-0034753,TE,Mark Andrews,mark andrews,4,5012,True,True
2026,4,00-0034798,TE,Durham Smythe,durham smythe,4,5008,True,True
2026,4,00-0034829,TE,Mike Gesicki,mike gesicki,4,4993,True,True
2026,4,00-0034981,TE,Foster Moreau,foster moreau,4,5985,True,True
2026,4,00-0035229,TE,T.J. Hockenson,t.j. hockenson,4,5844,True,True
2026,4,00-0035249,TE,Josh Oliver,josh oliver,3,5973,True,True
2026,4,00-0035345,TE,Chris Myarick,chris myarick,2,6529,True,True
2026,4,00-0035631,TE,Drew Sample,drew sample,4,6001,True,True
2026,4,00-0035644,TE,Noah Fant,noah fant,3,5857,True,True
2026,4,00-0035689,TE,Dawson Knox,dawson knox,4,5906,True,True
2026,4,00-0036040,TE,Juwan Johnson,juwan johnson,4,7002,True,True
2026,4,00-0036244,TE,Colby Parkinson,colby parkinson,3,6865,True,True
2026,4,00-0036290,TE,Cole Kmet,cole kmet,4,6826,True,True
2026,4,00-0036332,TE,Josiah Deguara,josiah deguara,1,7050,True,True
2026,4,00-0036422,TE,Adam Trautman,adam trautman,4,6869,True,True
2026,4,00-0036429,TE,Charlie Woerner,charlie woerner,4,7075,True,True
2026,4,00-0036556,TE,Brevin Jordan,brevin jordan,1,7568,True,True
2026,4,00-0036590,TE,Quintin Morris,quintin morris,4,7536,True,True
2026,4,00-0036628,TE,John Bates,john bates,4,7716,True,True
2026,4,00-0036637,TE,Noah Gray,noah gray,4,7828,True,True
2026,4,00-0036754,TE,Brock Wright,brock wright,4,7891,True,True
2026,4,00-0036825,TE,Feleipe Franks,feleipe franks,4,7531,True,True
2026,4,00-0036876,TE,Kylen Granson,kylen granson,1,7602,True,True
2026,4,00-0036887,TE,Luke Farrell,luke farrell,4,7842,True,True
2026,4,00-0036894,TE,Pat Freiermuth,pat freiermuth,4,7600,True,True
2026,4,00-0036970,TE,Kyle Pitts,kyle pitts,4,7553,True,True
2026,4,00-0037004,TE,Hunter Long,hunter long,4,7535,True,True
2026,4,00-0037005,TE,Tommy Tremble,tommy tremble,4,7694,True,True
2026,4,00-0037112,TE,Jake Tonges,jake tonges,1,8698,True,True
2026,4,00-0037252,TE,Greg Dulcich,greg dulcich,4,8172,True,True
2026,4,00-0037292,TE,Andrew Ogletree,andrew ogletree,4,8489,True,True
2026,4,00-0037311,TE,Ko Kieft,ko kieft,3,8484,True,True
2026,4,00-0037317,TE,Nick Muse,nick muse,4,8523,True,True
2026,4,00-0037744,TE,Trey McBride,trey mcbride,4,8130,True,True
2026,4,00-0037755,TE,Jelani Woods,jelani woods,4,8219,True,True
2026,4,00-0037805,TE,Jeremy Ruckert,jeremy ruckert,4,8145,True,True
2026,4,00-0037809,TE,Chig Okonkwo,chig okonkwo,2,8210,True,True
2026,4,00-0037838,TE,Isaiah Likely,isaiah likely,4,8131,True,True
2026,4,00-0038041,TE,Jake Ferguson,jake ferguson,4,8110,True,True
2026,4,00-0038046,TE,Charlie Kolar,charlie kolar,2,8127,True,True
2026,4,00-0038115,TE,Daniel Bellinger,daniel bellinger,4,8225,True,True
2026,4,00-0038129,TE,Cade Otton,cade otton,4,8111,True,True
2026,4,00-0038498,TE,E.J. Jenkins,e.j. jenkins,4,11304,True,True
2026,4,00-0038547,TE,Luke Schoonmaker,luke schoonmaker,4,10871,True,True
2026,4,00-0038558,TE,Darnell Washington,darnell washington,4,9479,True,True
2026,4,00-0038564,TE,Cameron Latu,cameron latu,4,10210,True,True
2026,4,00-0038589,TE,Josh Whyle,josh whyle,4,10212,True,True
2026,4,00-0038643,TE,Brayden Willis,brayden willis,3,10224,True,True
2026,4,00-0038710,TE,Blake Whiteheart,blake whiteheart,4,11201,True,True
2026,4,00-0038783,TE,Nate Adkins,nate adkins,4,11433,True,True
2026,4,00-0038933,TE,Dalton Kincaid,dalton kincaid,4,10236,True,True
2026,4,00-0038935,TE,Brenton Strange,brenton strange,4,9480,True,True
2026,4,00-0038996,TE,Tucker Kraft,tucker kraft,4,9484,True,True
2026,4,00-0039041,TE,Elijah Higgins,elijah higgins,4,10231,True,True
2026,4,00-0039050,TE,Payne Durham,payne durham,4,10227,True,True
2026,4,00-0039065,TE,Sam LaPorta,sam laporta,4,10859,True,True
2026,4,00-0039066,TE,Michael Mayer,michael mayer,4,9482,True,True
2026,4,00-0039074,TE,Davis Allen,davis allen,4,10214,True,True
2026,4,00-0039338,TE,Brock Bowers,brock bowers,2,11604,True,True
2026,4,00-0039359,TE,Cade Stover,cade stover,4,11599,True,True
2026,4,00-0039489,TE,Hayden Rucci,hayden rucci,2,12389,True,True
2026,4,00-0039518,TE,Treyton Welch,treyton welch,3,12079,True,True
2026,4,00-0039530,TE,Brevyn Spann-Ford,brevyn spann-ford,4,11593,True,True
2026,4,00-0039648,TE,David Martin-Robinson,david martin-robinson,4,12357,True,True
2026,4,00-0039686,TE,Colson Yankoff,colson yankoff,4,11942,True,True
2026,4,00-0039793,TE,AJ Barner,aj barner,4,11603,True,True
2026,4,00-0039814,TE,Erick All,erick all,4,11592,True,True
2026,4,00-0039847,TE,Theo Johnson,theo johnson,4,11597,True,True
2026,4,00-0039912,TE,Ben Sinnott,ben sinnott,4,11596,True,True
2026,4,00-0040058,TE,Nick Kallerup,nick kallerup,2,13151,True,True
2026,4,00-0040081,TE,Jake Briningstool,jake briningstool,4,12817,True,True
2026,4,00-0040126,TE,Colston Loveland,colston loveland,4,12517,True,True
2026,4,00-0040128,TE,Tyler Warren,tyler warren,4,12518,True,True
2026,4,00-0040187,TE,Mitchell Evans,mitchell evans,4,12473,True,True
2026,4,00-0040189,TE,Oronde Gadsden II,oronde gadsden ii,4,12493,True,True
2026,4,00-0040194,TE,Jackson Hawes,jackson hawes,4,12658,True,True
2026,4,00-0040215,TE,Gavin Bartholomew,gavin bartholomew,4,12700,True,True
2026,4,00-0040331,TE,Patrick Herbert,patrick herbert,2,,False,True
2026,4,00-0040363,TE,Keleki Latu,keleki latu,4,12765,True,True
2026,4,00-0040584,TE,Gunnar Helm,gunnar helm,4,12502,True,True
2026,4,00-0040598,TE,Mark Redman,mark redman,4,,False,True
2026,4,00-0040663,TE,Harold Fannin Jr.,harold fannin jr.,4,12506,True,True
2026,4,00-0040736,TE,Mason Taylor,mason taylor,2,12498,True,True
2026,4,00-0040737,TE,Terrance Ferguson,terrance ferguson,3,12487,True,True
2026,4,00-0040739,TE,Elijah Arroyo,elijah arroyo,4,12521,True,True
2026,4,00-0040879,TE,Matthew Hibner,matthew hibner,4,,False,True
2026,4,00-0040887,TE,Josh Cuevas,josh cuevas,4,13273,True,True
2026,4,00-0041032,TE,Kenyon Sadiq,kenyon sadiq,4,13330,True,True
2026,4,00-0041041,TE,Oscar Delp,oscar delp,3,13319,True,True
2026,4,00-0041077,TE,Justin Joly,justin joly,1,13400,True,True
2026,4,00-0041084,TE,Tanner Koziol,tanner koziol,2,13408,True,True
2026,4,00-0041094,TE,Bauer Sharp,bauer sharp,4,13308,True,True
2026,4,00-0041116,TE,Jack Endries,jack endries,2,13282,True,True
2026,4,00-0041131,TE,Carsen Ryan,carsen ryan,4,13580,True,True
2026,4,00-0041314,TE,Tanner Arkin,tanner arkin,2,13827,True,True
2026,4,00-0041395,TE,Eli Raridon,eli raridon,3,13421,True,True
2026,4,00-0041472,TE,Marlin Klein,marlin klein,3,13307,True,True
2026,4,00-0041503,TE,Nate Boerkircher,nate boerkircher,4,13299,True,True
2026,4,00-0041510,TE,Max Klare,max klare,3,13278,True,True
2026,4,00-0041524,TE,Will Kacmarek,will kacmarek,4,13434,True,True
2026,4,00-0041558,TE,Sam Roush,sam roush,4,13322,True,True
2026,4,00-0041579,TE,Seydou Traore,seydou traore,4,13429,True,True
2026,4,00-0030279,WR,Keenan Allen,keenan allen,3,1479,True,True
2026,4,00-0031235,WR,Odell Beckham Jr.,odell beckham jr.,3,2078,True,True
2026,4,00-0031236,WR,Brandin Cooks,brandin cooks,1,2197,True,True
2026,4,00-0031381,WR,Davante Adams,davante adams,4,2133,True,True
2026,4,00-0031408,WR,Mike Evans,mike evans,4,2216,True,True
2026,4,00-0031588,WR,Stefon Diggs,stefon diggs,4,2449,True,True
2026,4,00-0032385,WR,Sterling Shepard,sterling shepard,2,3200,True,True
2026,4,00-0032398,WR,Chris Moore,chris moore,3,3269,True,True
2026,4,00-0032464,WR,Kalif Raymond,kalif raymond,4,3634,True,True
2026,4,00-0032775,WR,Demarcus Robinson,demarcus robinson,2,3286,True,True
2026,4,00-0032951,WR,Laquon Treadwell,laquon treadwell,4,3155,True,True
2026,4,00-0033307,WR,Kendrick Bourne,kendrick bourne,4,4454,True,True
2026,4,00-0033555,WR,Mack Hollins,mack hollins,4,4177,True,True
2026,4,00-0033589,WR,David Moore,david moore,2,4274,True,True
2026,4,00-0033908,WR,Cooper Kupp,cooper kupp,4,4039,True,True
2026,4,00-0033921,WR,Chris Godwin Jr.,chris godwin jr.,4,4037,True,True
2026,4,00-0034272,WR,Marquez Valdes-Scantling,marquez valdes-scantling,2,5086,True,True
2026,4,00-0034348,WR,Courtland Sutton,courtland sutton,4,5045,True,True
2026,4,00-0034419,WR,Braxton Berrios,braxton berrios,4,5121,True,True
2026,4,00-0034827,WR,DJ Moore,dj moore,4,4983,True,True
2026,4,00-0034837,WR,Calvin Ridley,calvin ridley,4,4981,True,True
2026,4,00-0034854,WR,KhaDarel Hodge,khadarel hodge,3,5773,True,True
2026,4,00-0034867,WR,Malik Turner,malik turner,1,5781,True,True
2026,4,00-0034960,WR,Jakobi Meyers,jakobi meyers,4,5947,True,True
2026,4,00-0035021,WR,Ashton Dulin,ashton dulin,2,6427,True,True
2026,4,00-0035208,WR,Olamide Zaccheaus,olamide zaccheaus,4,6271,True,True
2026,4,00-0035406,WR,Lil'Jordan Humphrey,lil'jordan humphrey,1,5938,True,True
2026,4,00-0035500,WR,Greg Dortch,greg dortch,4,5970,True,True
2026,4,00-0035544,WR,Tom Kennedy,tom kennedy,4,6588,True,True
2026,4,00-0035589,WR,Gary Jennings Jr,gary jennings jr,1,6045,True,True
2026,4,00-0035602,WR,Alex Bachman,alex bachman,1,6386,True,True
2026,4,00-0035640,WR,DK Metcalf,dk metcalf,4,5846,True,True
2026,4,00-0035659,WR,Terry McLaurin,terry mclaurin,3,5927,True,True
2026,4,00-0035662,WR,Marquise Brown,marquise brown,1,5848,True,True
2026,4,00-0035676,WR,A.J. Brown,a.j. brown,1,5859,True,True
2026,4,00-0035719,WR,Deebo Samuel Sr.,deebo samuel sr.,4,5872,True,True
2026,4,00-0035891,WR,Cody White,cody white,4,7039,True,True
2026,4,00-0036182,WR,Nick Westbrook-Ikhine,nick westbrook-ikhine,2,7496,True,True
2026,4,00-0036252,WR,Michael Pittman,michael pittman,3,6819,True,True
2026,4,00-0036259,WR,Jauan Jennings,jauan jennings,3,7049,True,True
2026,4,00-0036309,WR,Darnell Mooney,darnell mooney,4,7090,True,True
2026,4,00-0036322,WR,Justin Jefferson,justin jefferson,3,6794,True,True
2026,4,00-0036331,WR,Devin Duvernay,devin duvernay,4,6847,True,True
2026,4,00-0036358,WR,CeeDee Lamb,ceedee lamb,4,6786,True,True
2026,4,00-0036407,WR,Jerry Jeudy,jerry jeudy,4,6783,True,True
2026,4,00-0036410,WR,Tee Higgins,tee higgins,4,6801,True,True
2026,4,00-0036463,WR,Chris Blair,chris blair,4,7521,True,True
2026,4,00-0036550,WR,Rashod Bateman,rashod bateman,4,7571,True,True
2026,4,00-0036554,WR,Nico Collins,nico collins,2,7569,True,True
2026,4,00-0036613,WR,Jaylen Waddle,jaylen waddle,4,7526,True,True
2026,4,00-0036626,WR,Dyami Brown,dyami brown,4,7587,True,True
2026,4,00-0036630,WR,Tylan Wallace,tylan wallace,3,7595,True,True
2026,4,00-0036646,WR,Simi Fehoko,simi fehoko,4,7812,True,True
2026,4,00-0036849,WR,Tutu Atwell,tutu atwell,2,7562,True,True
2026,4,00-0036862,WR,Ben Skowronek,ben skowronek,4,7757,True,True
2026,4,00-0036900,WR,Ja'Marr Chase,ja'marr chase,4,7564,True,True
2026,4,00-0036912,WR,DeVonta Smith,devonta smith,3,7525,True,True
2026,4,00-0036963,WR,Amon-Ra St. Brown,amon-ra st. brown,4,7547,True,True
2026,4,00-0036980,WR,Elijah Moore,elijah moore,2,7596,True,True
2026,4,00-0036988,WR,Josh Palmer,josh palmer,4,7670,True,True
2026,4,00-0037091,WR,Bo Melton,bo melton,4,8204,True,True
2026,4,00-0037093,WR,Dareke Young,dareke young,4,8527,True,True
2026,4,00-0037132,WR,Britain Covey,britain covey,4,8414,True,True
2026,4,00-0037231,WR,Kevin Austin,kevin austin,4,8200,True,True
2026,4,00-0037238,WR,Drake London,drake london,4,8112,True,True
2026,4,00-0037239,WR,Chris Olave,chris olave,4,8144,True,True
2026,4,00-0037240,WR,Jameson Williams,jameson williams,4,8148,True,True
2026,4,00-0037247,WR,George Pickens,george pickens,4,8137,True,True
2026,4,00-0037261,WR,Khalil Shakir,khalil shakir,4,8134,True,True
2026,4,00-0037291,WR,Jalen Nailor,jalen nailor,4,8180,True,True
2026,4,00-0037380,WR,Kaden Davis,kaden davis,1,8755,True,True
2026,4,00-0037524,WR,Tay Martin,tay martin,4,8250,True,True
2026,4,00-0037545,WR,Rashid Shaheed,rashid shaheed,4,8676,True,True
2026,4,00-0037614,WR,John Metchie III,john metchie iii,3,8147,True,True
2026,4,00-0037664,WR,Alec Pierce,alec pierce,2,8142,True,True
2026,4,00-0037666,WR,Jalen Tolbert,jalen tolbert,2,8117,True,True
2026,4,00-0037740,WR,Garrett Wilson,garrett wilson,4,8146,True,True
2026,4,00-0037741,WR,Jahan Dotson,jahan dotson,4,8119,True,True
2026,4,00-0037742,WR,Treylon Burks,treylon burks,3,8135,True,True
2026,4,00-0037801,WR,KaVontae Turpin,kavontae turpin,4,8917,True,True
2026,4,00-0037816,WR,Romeo Doubs,romeo doubs,4,8121,True,True
2026,4,00-0038090,WR,Skyy Moore,skyy moore,4,8168,True,True
2026,4,00-0038104,WR,Tyquan Thornton,tyquan thornton,4,8188,True,True
2026,4,00-0038117,WR,Wan'Dale Robinson,wan'dale robinson,4,8126,True,True
2026,4,00-0038124,WR,Christian Watson,christian watson,4,8167,True,True
2026,4,00-0038359,WR,Xavier Smith,xavier smith,3,11168,True,True
2026,4,00-0038393,WR,Dontayvion Wicks,dontayvion wicks,4,9486,True,True
2026,4,00-0038519,WR,Nikko Remigio,nikko remigio,4,11320,True,True
2026,4,00-0038543,WR,Jaxon Smith-Njigba,jaxon smith-njigba,4,9488,True,True
2026,4,00-0038544,WR,Quentin Johnston,quentin johnston,4,9754,True,True
2026,4,00-0038559,WR,Michael Wilson,michael wilson,4,10232,True,True
2026,4,00-0038563,WR,Tre Tucker,tre tucker,4,10213,True,True
2026,4,00-0038573,WR,Derius Davis,derius davis,4,10234,True,True
2026,4,00-0038576,WR,Charlie Jones,charlie jones,1,10228,True,True
2026,4,00-0038606,WR,Parker Washington,parker washington,4,9487,True,True
2026,4,00-0038608,WR,Kayshon Boutte,kayshon boutte,4,9504,True,True
2026,4,00-0038618,WR,Xavier Hutchinson,xavier hutchinson,4,10218,True,True
2026,4,00-0038619,WR,Andrei Iosivas,andrei iosivas,2,10226,True,True
2026,4,00-0038621,WR,DeMario Douglas,demario douglas,4,9501,True,True
2026,4,00-0038640,WR,Jalen Brooks,jalen brooks,4,11034,True,True
2026,4,00-0038728,WR,Jared Wayne,jared wayne,4,11056,True,True
2026,4,00-0038740,WR,Jalen Cropper,jalen cropper,1,11506,True,True
2026,4,00-0038824,WR,Ryan Miller,ryan miller,4,11421,True,True
2026,4,00-0038839,WR,Mitchell Tinsley,mitchell tinsley,1,11068,True,True
2026,4,00-0038840,WR,Brycen Tremayne,brycen tremayne,4,11157,True,True
2026,4,00-0038976,WR,Marvin Mims Jr.,marvin mims jr.,2,9494,True,True
2026,4,00-0038994,WR,Jordan Addison,jordan addison,4,9756,True,True
2026,4,00-0038997,WR,Josh Downs,josh downs,4,9500,True,True
2026,4,00-0039062,WR,Jonathan Mingo,jonathan mingo,4,10225,True,True
2026,4,00-0039064,WR,Zay Flowers,zay flowers,3,9997,True,True
2026,4,00-0039067,WR,Rashee Rice,rashee rice,4,10229,True,True
2026,4,00-0039075,WR,Puka Nacua,puka nacua,2,9493,True,True
2026,4,00-0039146,WR,Jayden Reed,jayden reed,2,10222,True,True
2026,4,00-0039337,WR,Malik Nabers,malik nabers,4,11632,True,True
2026,4,00-0039342,WR,Xavier Legette,xavier legette,2,11626,True,True
2026,4,00-0039355,WR,Luke McCaffrey,luke mccaffrey,1,11650,True,True
2026,4,00-0039365,WR,Jacob Cowing,jacob cowing,4,11616,True,True
2026,4,00-0039410,WR,Ryan Flournoy,ryan flournoy,4,11783,True,True
2026,4,00-0039424,WR,Devaughn Vele,devaughn vele,4,11834,True,True
2026,4,00-0039451,WR,Isaiah Williams,isaiah williams,4,11608,True,True
2026,4,00-0039491,WR,Jalen Coker,jalen coker,3,11646,True,True
2026,4,00-0039589,WR,Kameron Johnson,kameron johnson,4,11994,True,True
2026,4,00-0039710,WR,Jeshaun Jones,jeshaun jones,1,,False,True
2026,4,00-0039739,WR,Roman Wilson,roman wilson,4,11630,True,True
2026,4,00-0039751,WR,Jordan Whittington,jordan whittington,3,11623,True,True
2026,4,00-0039792,WR,Devontez Walker,devontez walker,3,11629,True,True
2026,4,00-0039816,WR,Anthony Gould,anthony gould,3,11762,True,True
2026,4,00-0039849,WR,Marvin Harrison Jr.,marvin harrison jr.,4,11628,True,True
2026,4,00-0039855,WR,Jalen McMillan,jalen mcmillan,2,11618,True,True
2026,4,00-0039868,WR,Troy Franklin,troy franklin,4,11627,True,True
2026,4,00-0039880,WR,Malik Washington,malik washington,4,11610,True,True
2026,4,00-0039890,WR,Adonai Mitchell,adonai mitchell,2,11625,True,True
2026,4,00-0039893,WR,Brian Thomas Jr.,brian thomas jr.,4,11631,True,True
2026,4,00-0039894,WR,Xavier Worthy,xavier worthy,4,11624,True,True
2026,4,00-0039901,WR,Keon Coleman,keon coleman,4,11637,True,True
2026,4,00-0039915,WR,Ladd McConkey,ladd mcconkey,4,11635,True,True
2026,4,00-0039919,WR,Rome Odunze,rome odunze,4,11620,True,True
2026,4,00-0039920,WR,Malachi Corley,malachi corley,4,11617,True,True
2026,4,00-0040024,WR,Darius Cooper,darius cooper,4,13150,True,True
2026,4,00-0040075,WR,LaJohntay Wester,lajohntay wester,4,12699,True,True
2026,4,00-0040124,WR,Tetairoa McMillan,tetairoa mcmillan,4,12526,True,True
2026,4,00-0040129,WR,Emeka Egbuka,emeka egbuka,4,12514,True,True
2026,4,00-0040131,WR,Kyle Williams,kyle williams,4,12547,True,True
2026,4,00-0040134,WR,Pat Bryant,pat bryant,4,12492,True,True
2026,4,00-0040138,WR,Jaylin Noel,jaylin noel,4,12536,True,True
2026,4,00-0040154,WR,Tai Felton,tai felton,4,12496,True,True
2026,4,00-0040164,WR,Jaylin Lane,jaylin lane,4,12641,True,True
2026,4,00-0040170,WR,Elic Ayomanor,elic ayomanor,4,12499,True,True
2026,4,00-0040172,WR,Jordan Watkins,jordan watkins,2,12634,True,True
2026,4,00-0040184,WR,KeAndre Lambert-Smith,keandre lambert-smith,1,12670,True,True
2026,4,00-0040218,WR,Jimmy Horn Jr.,jimmy horn jr.,1,12523,True,True
2026,4,00-0040237,WR,Tez Johnson,tez johnson,4,12485,True,True
2026,4,00-0040265,WR,Ja'Seem Reed,ja'seem reed,1,13179,True,True
2026,4,00-0040277,WR,Jahdae Walker,jahdae walker,4,13079,True,True
2026,4,00-0040390,WR,Jackson Meeks,jackson meeks,4,12938,True,True
2026,4,00-0040405,WR,Jamaal Pritchett,jamaal pritchett,1,12925,True,True
2026,4,00-0040506,WR,Myles Price,myles price,4,13075,True,True
2026,4,00-0040534,WR,Ke'Shawn Williams,ke'shawn williams,1,12971,True,True
2026,4,00-0040563,WR,Efton Chism III,efton chism iii,3,12542,True,True
2026,4,00-0040582,WR,Arian Smith,arian smith,2,12539,True,True
2026,4,00-0040590,WR,Konata Mumpfield,konata mumpfield,4,12718,True,True
2026,4,00-0040621,WR,Montorie Foster Jr,montorie foster jr,1,13199,True,True
2026,4,00-0040646,WR,Jalen Royals,jalen royals,4,12505,True,True
2026,4,00-0040648,WR,Tory Horton,tory horton,3,12497,True,True
2026,4,00-0040667,WR,Matthew Golden,matthew golden,4,12501,True,True
2026,4,00-0040669,WR,Isaac TeSlaa,isaac teslaa,4,12535,True,True
2026,4,00-0040705,WR,Chimere Dike,chimere dike,4,12540,True,True
2026,4,00-0040727,WR,Tre Harris,tre harris,4,12509,True,True
2026,4,00-0040729,WR,Jack Bech,jack bech,3,12483,True,True
2026,4,00-0040735,WR,Luther Burden III,luther burden iii,4,12519,True,True
2026,4,00-0040782,WR,Isaiah Bond,isaiah bond,4,12503,True,True
2026,4,00-0040785,WR,Dohnte Meyers,dohnte meyers,4,13264,True,True
2026,4,00-0040867,WR,Makai Lemon,makai lemon,4,13294,True,True
2026,4,00-0040870,WR,Ja'Kobi Lane,ja'kobi lane,1,13293,True,True
2026,4,00-0040876,WR,Elijah Sarratt,elijah sarratt,1,13268,True,True
2026,4,00-0040890,WR,Cyrus Allen,cyrus allen,4,13413,True,True
2026,4,00-0040894,WR,Malik Benson,malik benson,4,13329,True,True
2026,4,00-0040948,WR,J. Michael Sturdivant,j. michael sturdivant,3,13770,True,True
2026,4,00-0041035,WR,De'Zhaun Stribling,de'zhaun stribling,1,13417,True,True
2026,4,00-0041037,WR,Denzel Boston,denzel boston,4,13346,True,True
2026,4,00-0041040,WR,Antonio Williams,antonio williams,4,13301,True,True
2026,4,00-0041042,WR,Malachi Fields,malachi fields,4,13285,True,True
2026,4,00-0041044,WR,Zachariah Branch,zachariah branch,4,13320,True,True
2026,4,00-0041048,WR,Ted Hurst III,ted hurst iii,4,13317,True,True
2026,4,00-0041051,WR,Zavion Thomas,zavion thomas,4,13411,True,True
2026,4,00-0041067,WR,Bryce Lance,bryce lance,4,13420,True,True
2026,4,00-0041069,WR,Colbie Young,colbie young,3,13477,True,True
2026,4,00-0041099,WR,Barion Brown,barion brown,3,13533,True,True
2026,4,00-0041100,WR,Josh Cameron,josh cameron,4,13394,True,True
2026,4,00-0041106,WR,CJ Williams,cj williams,1,13554,True,True
2026,4,00-0041132,WR,Deion Burks,deion burks,4,13333,True,True
2026,4,00-0041267,WR,Malik McClain,malik mcclain,2,,False,True
2026,4,00-0041292,WR,Kolbe Katsis,kolbe katsis,1,13981,True,True
2026,4,00-0041342,WR,Dillon Bell,dillon bell,1,13621,True,True
2026,4,00-0041397,WR,Kaden Wetjen,kaden wetjen,4,13491,True,True
2026,4,00-0041438,WR,Carnell Tate,carnell tate,4,13279,True,True
2026,4,00-0041467,WR,Lewis Bond,lewis bond,2,13541,True,True
2026,4,00-0041489,WR,Germie Bernard,germie bernard,4,13274,True,True
2026,4,00-0041511,WR,Omar Cooper Jr.,omar cooper jr.,1,13276,True,True
2026,4,00-0041523,WR,Caleb Douglas,caleb douglas,2,13296,True,True
2026,4,00-0041525,WR,Chris Bell,chris bell,4,13311,True,True
2026,4,00-0041529,WR,Kevin Coleman Jr.,kevin coleman jr.,4,13338,True,True
2026,4,00-0041547,WR,KC Concepcion,kc concepcion,4,13298,True,True
2026,4,00-0041550,WR,Brenen Thompson,brenen thompson,2,13380,True,True
